fruit_name,season,origin,freshness_score,weight,price
Grapes,Autumn,Local,9.0,0.078,3.93
Orange,Summer,Local,6.0,0.233,1.9
Mango,Autumn,Local,3.0,,3.49
Orange,Summer,Local,7.0,0.341,1.86
Orange,Spring,Imported,9.0,0.382,1.56
Banana,Winter,Local,3.0,0.131,1.29
Mango,Spring,Local,2.0,0.529,3.51
Mango,Winter,Local,7.0,0.508,3.0
Mango,Winter,Local,7.0,0.272,4.68
Orange,,Imported,4.0,0.247,2.56
Grapes,Spring,Imported,9.0,0.078,5.38
Mango,Winter,Imported,8.0,0.357,4.1
Orange,Spring,Imported,1.0,0.396,1.16
Banana,Autumn,Imported,1.0,0.196,1.13
Grapes,Summer,Imported,5.0,0.122,2.51
Banana,Summer,Imported,6.0,0.246,1.65
Grapes,Winter,Imported,3.0,,2.54
Orange,Spring,Imported,9.0,0.35,1.7
Apple,Summer,Imported,,0.22,2.67
Grapes,Spring,Imported,6.0,0.137,3.35
Banana,Spring,Imported,4.0,0.127,1.45
Orange,Winter,,7.0,0.387,1.96
Grapes,Summer,Imported,8.0,0.072,2.91
Apple,,Imported,,,2.34
Apple,Winter,Imported,6.0,0.294,2.56
Mango,Summer,Local,6.0,,2.95
Mango,Summer,Imported,8.0,0.463,4.83
Banana,Autumn,Local,5.0,0.167,
Grapes,Autumn,Imported,3.0,0.124,3.92
Grapes,Spring,Imported,3.0,0.073,4.49
Mango,Summer,Local,,0.27,4.92
Grapes,Autumn,Imported,2.0,0.08,4.37
Grapes,Spring,,6.0,0.097,2.69
Apple,Spring,,6.0,0.159,1.75
Mango,Spring,Local,8.0,0.374,3.55
Orange,Autumn,Imported,7.0,0.25,2.73
Mango,Summer,Imported,8.0,0.27,5.91
Orange,Winter,Imported,9.0,0.296,2.82
Apple,Spring,Local,6.0,0.323,1.71
Banana,,Local,3.0,0.123,1.38
Grapes,Autumn,Imported,10.0,0.11,3.87
Apple,Winter,Imported,3.0,0.273,1.57
Grapes,,Imported,1.0,0.092,3.01
Banana,Autumn,Imported,5.0,0.205,0.92
Banana,Summer,Imported,4.0,0.162,1.26
Apple,Winter,Local,9.0,0.236,2.25
Banana,Autumn,Local,9.0,0.101,1.27
Orange,Winter,,5.0,,1.92
Banana,Summer,Imported,10.0,0.199,1.78
Grapes,Spring,Local,4.0,0.054,3.55
Grapes,Winter,Local,7.0,0.087,3.27
Grapes,Summer,Local,6.0,0.148,4.17
Grapes,Autumn,Local,4.0,0.092,4.14
Orange,Winter,Local,10.0,0.275,
Mango,Winter,Imported,2.0,0.568,3.83
Apple,Autumn,Local,1.0,0.285,1.7
Grapes,Spring,Imported,4.0,0.108,2.26
Banana,Autumn,Imported,4.0,0.22,1.35
Grapes,Winter,,1.0,0.136,4.02
Banana,Autumn,Imported,6.0,0.169,1.04
Banana,Summer,Imported,4.0,0.171,1.46
Grapes,Autumn,Local,1.0,,3.64
Orange,Winter,Local,1.0,0.392,2.09
Banana,Autumn,Imported,1.0,0.205,
Banana,Spring,Imported,8.0,0.112,1.72
Grapes,Autumn,Imported,10.0,0.136,3.54
Banana,Spring,Local,,0.172,1.29
Banana,,Imported,2.0,0.11,0.84
Grapes,Spring,Local,7.0,0.105,2.24
Grapes,Autumn,Imported,8.0,0.092,4.56
Apple,Winter,Local,8.0,0.322,2.36
Orange,Spring,Imported,10.0,0.201,1.75
Orange,Summer,Local,7.0,0.357,1.36
Banana,Spring,Imported,5.0,0.184,1.4
Orange,Spring,Local,1.0,0.164,0.88
Banana,,Local,9.0,0.246,1.53
Apple,Summer,Local,7.0,,1.72
Grapes,Autumn,Local,2.0,0.079,2.26
Grapes,Spring,,6.0,0.097,3.05
Grapes,Spring,Local,2.0,0.136,2.92
Orange,Winter,Local,1.0,0.226,1.35
Apple,Summer,Imported,,0.164,2.31
Orange,Spring,Imported,2.0,0.182,2.45
Orange,Summer,Imported,2.0,0.224,1.96
Apple,Spring,Imported,5.0,0.299,1.69
Apple,Autumn,Imported,5.0,0.228,2.36
Apple,Autumn,Local,7.0,0.172,2.98
Apple,Spring,Local,1.0,0.158,1.72
Grapes,Autumn,Local,8.0,0.083,2.44
Mango,Spring,Local,3.0,,4.13
Mango,Autumn,Local,4.0,,3.89
Apple,Winter,Imported,9.0,0.347,2.9
Mango,Winter,Imported,4.0,0.42,2.81
Mango,Winter,Imported,,0.313,3.61
Apple,Summer,Imported,5.0,0.325,2.68
Mango,Summer,Local,7.0,0.411,3.2
Orange,Winter,Local,4.0,0.327,1.7
Banana,Summer,Local,1.0,0.248,1.04
Banana,Autumn,Imported,9.0,0.108,1.23
Apple,Spring,Local,4.0,0.142,2.83
Grapes,Spring,Imported,9.0,0.122,5.06
Apple,Spring,Local,6.0,0.185,2.66
Grapes,,Local,1.0,0.068,1.93
Banana,Summer,Imported,3.0,0.106,0.9
Apple,Autumn,Local,,0.125,2.04
Orange,Autumn,Local,,0.344,1.39
Mango,Winter,Imported,1.0,0.297,4.79
Grapes,Autumn,Local,9.0,0.097,2.68
Mango,Autumn,Imported,9.0,0.462,4.58
Mango,Autumn,Local,8.0,0.4,
Apple,Autumn,Local,8.0,0.126,2.68
Mango,Summer,Local,1.0,0.524,2.48
Orange,Autumn,Local,8.0,0.153,
Mango,Spring,Local,10.0,0.517,3.66
Apple,Winter,Local,,0.325,2.66
Orange,Summer,Local,,0.258,
Banana,Autumn,Local,1.0,0.18,1.27
Mango,Summer,Imported,1.0,0.417,4.44
Apple,Autumn,Imported,10.0,0.21,2.46
Banana,Spring,Local,,0.233,1.35
Banana,Winter,Local,5.0,0.234,0.82
Grapes,Autumn,,8.0,0.084,5.3
Orange,Autumn,Local,7.0,0.304,1.9
Mango,Autumn,Local,8.0,0.574,3.55
Apple,Autumn,,6.0,0.341,2.32
Grapes,Winter,Local,6.0,0.101,2.23
Orange,Winter,Local,2.0,0.263,2.26
Grapes,Spring,Imported,6.0,0.078,2.38
Orange,Winter,Local,5.0,0.39,
Orange,Autumn,Local,3.0,0.186,1.56
Mango,Spring,,6.0,0.453,
Orange,Spring,Local,8.0,0.221,1.49
Grapes,Spring,Imported,9.0,0.078,4.1
Orange,Autumn,Local,,0.251,1.52
Mango,,Local,3.0,0.6,4.0
Mango,Autumn,Imported,3.0,0.269,2.76
Grapes,Winter,Imported,8.0,0.108,2.98
Banana,Winter,Local,1.0,0.112,0.84
Banana,Autumn,,5.0,0.123,1.45
Orange,Autumn,Imported,,0.26,1.33
Apple,Spring,Local,2.0,0.237,2.15
Orange,Autumn,Local,8.0,0.215,1.44
Grapes,Spring,Local,3.0,0.082,3.9
Grapes,Winter,Imported,7.0,0.059,
Grapes,Spring,,1.0,0.08,3.19
Grapes,Autumn,Imported,6.0,0.147,3.26
Grapes,Winter,Imported,3.0,0.144,
Mango,Summer,Local,8.0,0.367,2.86
Banana,Spring,Imported,6.0,0.186,1.12
Grapes,Winter,Local,2.0,0.141,3.31
Apple,,Imported,6.0,0.121,2.61
Apple,Winter,,7.0,0.306,3.09
Apple,Winter,Local,5.0,0.338,2.09
Apple,Spring,Local,3.0,0.141,2.39
Mango,Summer,Imported,4.0,0.307,3.97
Apple,Winter,Local,4.0,,2.2
Grapes,Winter,Local,6.0,0.104,2.75
Orange,Winter,Imported,10.0,0.154,2.13
Apple,Summer,,1.0,0.179,1.94
Mango,Summer,Imported,4.0,0.407,4.55
Mango,Autumn,Imported,10.0,0.493,6.14
Apple,Spring,Local,,0.289,1.93
Orange,Summer,Local,10.0,0.399,1.22
Apple,,Imported,1.0,0.186,2.17
Mango,Autumn,Local,9.0,0.438,4.32
Banana,,Imported,4.0,,0.98
Grapes,Summer,Imported,7.0,0.091,4.55
Mango,Spring,Imported,3.0,0.309,5.13
Apple,Summer,Local,10.0,0.345,3.36
Grapes,Spring,,3.0,0.135,2.58
Apple,Summer,Local,8.0,0.235,3.07
Apple,Summer,Local,8.0,0.259,2.79
Banana,Spring,Local,1.0,0.134,0.98
Grapes,Autumn,,10.0,0.104,3.85
Grapes,Winter,Imported,2.0,0.119,4.13
Banana,Autumn,Local,8.0,0.177,1.24
Mango,Spring,,1.0,0.597,3.32
Apple,Autumn,Imported,8.0,0.261,2.69
Orange,Summer,Local,8.0,0.243,2.04
Apple,Winter,Imported,2.0,0.298,
Apple,Spring,Imported,4.0,0.159,3.04
Mango,,Local,6.0,0.385,4.31
Apple,Spring,,9.0,0.2,3.02
Banana,Winter,Imported,8.0,,1.04
Banana,Summer,Imported,8.0,0.217,1.47
Grapes,Spring,Imported,7.0,,2.68
Orange,Autumn,Local,9.0,0.349,1.25
Apple,Spring,Imported,2.0,0.253,2.29
Apple,Spring,Imported,3.0,0.199,2.18
Mango,Spring,Imported,10.0,0.533,5.02
Banana,Spring,,8.0,0.136,1.03
Orange,Summer,Local,6.0,,1.7
Grapes,Autumn,Imported,10.0,0.1,3.08
Banana,Summer,Local,9.0,0.139,1.67
Grapes,Autumn,Imported,10.0,0.051,4.3
Mango,Spring,Local,4.0,0.477,4.09
Mango,Winter,Local,,0.429,3.61
Apple,Summer,Local,10.0,0.222,1.89
Orange,Winter,Local,3.0,0.392,2.32
Grapes,Summer,Local,3.0,0.107,2.55
Banana,Spring,Imported,,0.23,1.31
Mango,Summer,Imported,5.0,0.299,4.54
Apple,Spring,Imported,3.0,0.251,1.59
Apple,Summer,Local,10.0,0.32,3.12
Grapes,Spring,Imported,1.0,0.108,3.23
Mango,Spring,Local,3.0,0.501,3.0
Orange,Autumn,Local,9.0,,1.22
Mango,,Imported,5.0,,3.2
Grapes,,Imported,10.0,0.096,5.36
Grapes,Spring,Local,2.0,0.089,3.38
Mango,Winter,Local,7.0,,3.31
Grapes,Spring,Imported,2.0,0.074,2.17
Mango,Winter,Imported,4.0,0.588,4.51
Banana,Winter,Imported,7.0,0.244,1.4
Mango,Spring,Imported,4.0,0.337,3.75
Mango,Winter,Local,7.0,0.372,3.61
Grapes,Autumn,Imported,7.0,0.14,2.96
Grapes,Summer,Imported,1.0,0.147,3.56
Apple,Spring,Imported,6.0,0.222,3.35
Apple,Winter,Local,9.0,0.194,1.98
Banana,Spring,Local,2.0,0.179,1.11
Apple,,Local,3.0,0.278,2.01
Mango,Spring,Local,,0.346,4.16
Grapes,Spring,Imported,5.0,0.124,2.9
Apple,Winter,Local,9.0,0.132,3.07
Apple,Autumn,Imported,4.0,0.131,2.38
Banana,Summer,Imported,1.0,,1.14
Banana,Summer,Imported,4.0,0.153,1.08
Mango,Winter,Imported,6.0,0.36,3.35
Grapes,Spring,Local,5.0,0.099,2.21
Banana,Winter,Local,1.0,0.148,1.14
Apple,Winter,Local,4.0,0.164,1.74
Grapes,Winter,Imported,6.0,0.081,
Grapes,Spring,Imported,10.0,0.147,3.76
Apple,Autumn,Imported,10.0,0.215,
Banana,Winter,Imported,4.0,0.167,1.2
Apple,Spring,Imported,9.0,0.253,2.53
Grapes,Autumn,Local,5.0,0.148,2.25
Orange,Winter,Imported,,0.21,1.76
Orange,Summer,Local,9.0,0.32,2.24
Mango,Autumn,Imported,10.0,0.501,
Apple,Winter,Imported,5.0,0.26,2.12
Apple,Autumn,Local,6.0,0.14,2.26
Mango,Autumn,,1.0,0.487,2.63
Mango,Autumn,Imported,7.0,0.272,3.53
Mango,Autumn,,4.0,0.459,2.73
Grapes,Autumn,Imported,2.0,0.124,4.25
Apple,Autumn,,5.0,0.169,2.0
Grapes,Winter,Local,3.0,0.134,2.41
Mango,Summer,Imported,6.0,,3.62
Apple,Spring,Local,8.0,0.314,1.84
Grapes,Autumn,Imported,7.0,0.096,4.2
Grapes,Spring,Local,3.0,0.072,2.06
Mango,Winter,Local,8.0,0.297,3.09
Apple,Autumn,Imported,2.0,0.339,2.47
Mango,Summer,Local,10.0,0.275,3.85
Apple,Spring,Imported,9.0,,3.16
Orange,Autumn,Local,4.0,0.237,1.78
Banana,Winter,Imported,,0.193,0.95
Banana,Summer,Local,8.0,0.182,1.37
Banana,Spring,Imported,7.0,0.119,1.03
Mango,Spring,Imported,5.0,0.351,4.23
Orange,Autumn,Local,,0.21,1.9
Apple,Summer,Local,5.0,0.169,1.9
Grapes,Summer,Local,7.0,0.091,3.72
Apple,,,5.0,0.282,2.81
Grapes,Summer,Imported,8.0,0.072,5.39
Apple,Winter,Local,6.0,0.204,2.48
Orange,Summer,Imported,5.0,0.248,1.77
Grapes,Spring,Local,9.0,0.148,2.87
Mango,Spring,Imported,2.0,0.584,3.15
Apple,Winter,Imported,,0.304,2.15
Apple,Spring,Imported,8.0,,2.46
Grapes,Spring,Imported,3.0,0.057,4.43
Mango,Summer,Local,7.0,0.361,
Mango,Spring,Local,,0.343,3.95
Orange,Winter,Imported,8.0,0.276,1.89
Mango,Summer,Local,6.0,0.522,4.73
Mango,Autumn,,10.0,0.55,4.75
Mango,Summer,Imported,9.0,0.546,4.97
Banana,Winter,Local,,0.154,1.1
Orange,Summer,Local,10.0,0.322,2.56
Apple,Summer,Local,5.0,0.192,
Grapes,Winter,Imported,8.0,0.056,5.01
Apple,,Local,2.0,0.281,2.06
Orange,Winter,Imported,7.0,0.152,1.86
Grapes,Winter,Local,4.0,0.091,3.15
Orange,Autumn,Local,9.0,0.232,2.24
Mango,Spring,Local,1.0,0.493,2.23
Grapes,Spring,Imported,7.0,0.127,4.87
Mango,,Imported,6.0,0.356,4.1
Apple,Summer,Local,8.0,0.307,2.2
Apple,Autumn,Imported,5.0,0.188,1.88
Grapes,Autumn,Local,1.0,0.095,2.73
Grapes,Autumn,Imported,1.0,0.123,3.14
Orange,Winter,Imported,9.0,0.323,1.98
Orange,Autumn,Local,10.0,0.397,2.32
Mango,Autumn,Local,6.0,,3.66
Grapes,Summer,Local,10.0,0.116,
Apple,Autumn,Local,5.0,0.26,2.4
Orange,Winter,Imported,1.0,0.379,
Orange,Winter,Imported,6.0,0.189,1.32
Apple,Summer,Imported,6.0,,2.37
Orange,Autumn,Local,3.0,0.292,1.41
Mango,Autumn,Local,8.0,0.346,4.28
Grapes,Winter,,1.0,0.097,4.02
Apple,Autumn,,,0.197,1.42
Grapes,Autumn,Imported,6.0,0.108,2.47
Orange,Autumn,Imported,10.0,0.372,2.88
Orange,Spring,Imported,1.0,0.292,1.28
Apple,Summer,Imported,6.0,0.265,2.84
Mango,Spring,Imported,1.0,0.432,3.73
Banana,Summer,Local,6.0,0.108,1.42
Apple,Winter,Local,3.0,0.174,1.59
Banana,Autumn,Local,8.0,0.174,0.97
Banana,Summer,Imported,6.0,0.147,1.35
Mango,Spring,Imported,1.0,0.314,4.71
Banana,Autumn,Imported,5.0,0.176,1.2
Banana,Winter,Imported,8.0,0.148,1.23
Mango,Summer,Local,3.0,0.34,3.78
Banana,Summer,Local,,0.17,1.49
Banana,Summer,Imported,5.0,0.12,1.52
Banana,Autumn,Imported,6.0,0.239,1.7
Apple,,Imported,10.0,,1.94
Apple,Spring,,1.0,0.283,1.47
Apple,Summer,Local,7.0,0.144,2.56
Mango,Winter,Local,9.0,0.522,5.1
Orange,Winter,Imported,2.0,0.352,1.43
Banana,Spring,,10.0,0.215,1.22
Banana,Winter,Local,5.0,0.117,1.35
Mango,Spring,Imported,10.0,0.475,3.34
Banana,Summer,Local,,0.225,1.03
Apple,Spring,Imported,6.0,0.253,2.56
Orange,Spring,Local,,0.312,1.9
Grapes,Summer,Imported,2.0,0.096,3.83
Banana,Winter,Local,2.0,,0.95
Apple,Spring,Local,4.0,0.128,2.35
Grapes,Spring,Local,1.0,0.114,3.05
Orange,Summer,Local,9.0,0.17,2.04
Grapes,Winter,Local,7.0,0.094,3.82
Apple,Spring,Local,7.0,0.187,2.0
Grapes,Summer,Imported,,,2.29
Mango,Spring,Imported,3.0,0.297,2.89
Grapes,Autumn,Imported,1.0,0.119,2.48
Banana,Summer,Local,3.0,0.219,1.08
Banana,Winter,Local,3.0,0.125,1.31
Mango,Winter,Imported,4.0,0.287,4.54
Apple,Winter,Local,4.0,0.153,2.6
Banana,Winter,Local,3.0,0.232,0.98
Orange,Spring,Local,10.0,,1.85
Banana,Spring,,8.0,0.17,1.17
Banana,,Local,8.0,0.116,1.02
Apple,Winter,Imported,1.0,0.269,1.54
Grapes,Winter,Imported,7.0,0.137,4.05
Banana,Spring,Imported,2.0,0.224,1.49
Mango,Winter,Imported,1.0,0.469,2.82
Grapes,Winter,,3.0,0.058,2.19
Orange,Autumn,Local,4.0,0.178,2.1
Apple,Autumn,Local,6.0,,1.94
Orange,Winter,Local,10.0,0.214,2.58
Grapes,Summer,Local,5.0,0.064,3.76
Grapes,Winter,,4.0,0.076,4.66
Grapes,Autumn,Imported,8.0,0.089,3.62
Orange,Summer,Imported,4.0,0.386,2.13
Grapes,Summer,Local,10.0,0.111,3.64
Orange,Winter,Imported,2.0,0.359,1.95
Grapes,Autumn,Local,3.0,0.121,2.94
Mango,Autumn,Imported,6.0,0.289,3.37
Grapes,Summer,Imported,8.0,0.124,3.92
Orange,Winter,Local,8.0,0.219,1.95
Banana,Spring,Local,9.0,0.196,1.53
Grapes,Spring,Imported,7.0,0.084,4.48
Banana,Autumn,Imported,2.0,,1.27
Mango,Spring,Local,8.0,0.342,3.03
Apple,Autumn,Imported,7.0,0.184,3.01
Mango,Autumn,Imported,8.0,0.576,4.5
Grapes,Autumn,Local,,0.052,3.98
Banana,Spring,Imported,7.0,0.205,1.68
Banana,Autumn,Local,10.0,0.209,0.96
Orange,Summer,Imported,9.0,0.359,2.75
Banana,,Local,3.0,0.246,0.78
Orange,Winter,Imported,10.0,0.394,1.96
Apple,Autumn,Local,,0.135,2.38
Grapes,Winter,Imported,2.0,,
Orange,Spring,Local,2.0,,
Apple,Spring,Imported,5.0,0.269,1.66
Banana,Winter,Imported,5.0,0.119,1.01
Banana,Spring,Imported,7.0,0.198,1.41
Apple,Winter,Imported,2.0,0.346,2.57
Banana,Winter,Imported,7.0,,1.68
Apple,Winter,Imported,5.0,0.221,2.81
Orange,Autumn,Imported,6.0,0.16,2.27
Orange,Winter,Imported,8.0,0.241,1.91
Apple,Autumn,Imported,10.0,0.31,1.9
Orange,,Local,4.0,0.325,1.14
Orange,Winter,Local,7.0,0.265,1.91
Orange,Winter,Imported,6.0,0.164,2.28
Mango,,,,0.399,4.08
Grapes,Autumn,Imported,2.0,0.097,3.83
Banana,Autumn,Imported,8.0,0.239,1.4
Mango,Winter,Local,10.0,0.474,3.09
Orange,Winter,Imported,9.0,0.228,1.59
Apple,Spring,Imported,5.0,0.241,3.04
Orange,Spring,Local,10.0,0.167,2.4
Grapes,Spring,Local,4.0,0.147,4.11
Orange,Autumn,Imported,6.0,0.24,1.33
Apple,Autumn,Local,8.0,0.23,3.25
Grapes,,Local,3.0,0.086,2.37
Orange,Winter,Imported,10.0,0.321,1.29
Grapes,Autumn,Local,1.0,0.116,3.95
Banana,Summer,Local,4.0,0.207,0.97
Banana,Summer,Imported,4.0,,
Orange,Spring,Local,1.0,0.229,1.11
Grapes,,Local,9.0,0.063,3.86
Apple,Summer,Imported,3.0,,2.95
Orange,Spring,Imported,5.0,0.16,1.63
Banana,Autumn,Imported,6.0,0.19,1.44
Banana,Winter,Local,8.0,0.23,
Orange,Summer,Imported,,0.373,2.19
Grapes,Winter,Imported,3.0,0.095,2.94
Banana,Autumn,Local,6.0,0.169,0.98
Grapes,Summer,Imported,1.0,0.058,2.69
Banana,Autumn,Imported,4.0,0.201,0.99
Banana,Winter,Imported,6.0,0.223,1.62
Mango,Summer,Imported,,0.336,4.07
Banana,Winter,Local,10.0,0.163,1.12
Apple,Autumn,Imported,3.0,0.313,2.25
Orange,,Imported,,0.369,
Orange,,Local,7.0,0.211,2.24
Grapes,Summer,Imported,1.0,0.105,4.29
Banana,Winter,Local,2.0,0.129,1.01
Apple,Autumn,Local,1.0,0.143,2.46
Grapes,Winter,Local,,,3.82
Mango,Autumn,Imported,,0.537,3.56
Grapes,Winter,Local,7.0,0.126,3.95
Grapes,Summer,Local,,0.055,3.78
Banana,,Local,3.0,0.227,1.18
Mango,Winter,Imported,5.0,0.403,5.2
Grapes,Winter,Imported,4.0,0.084,3.31
Apple,Summer,Imported,7.0,,3.33
Apple,Autumn,Imported,9.0,0.141,3.24
Orange,Summer,Imported,2.0,0.339,1.73
Mango,Autumn,Imported,8.0,0.454,4.81
Mango,Winter,,9.0,0.315,
Orange,Winter,Local,10.0,0.197,2.85
Grapes,Autumn,Local,10.0,0.068,4.22
Mango,Winter,Local,9.0,0.27,2.92
Apple,Autumn,Local,10.0,0.255,2.29
Apple,Spring,Imported,7.0,,2.84
Banana,Summer,Local,9.0,0.103,0.94
Mango,Spring,Local,9.0,,2.87
Grapes,Autumn,Local,3.0,0.107,2.94
Orange,Summer,Local,4.0,0.355,1.45
Orange,Autumn,Imported,2.0,0.232,1.66
Grapes,Summer,Imported,10.0,0.085,3.36
Banana,Summer,Imported,3.0,0.189,0.95
Orange,Summer,Local,5.0,0.219,2.03
Mango,Summer,Imported,5.0,0.259,4.17
Banana,Autumn,,,0.21,0.97
Mango,Summer,Imported,7.0,0.469,3.85
Apple,Summer,Imported,7.0,0.254,2.78
Banana,,Imported,1.0,0.211,0.82
Orange,Winter,Imported,,0.319,1.22
Banana,Winter,Imported,9.0,0.131,
Banana,Spring,Local,10.0,0.153,1.57
Banana,Spring,Imported,2.0,0.119,1.33
Banana,Autumn,Local,6.0,0.119,1.37
Mango,Autumn,Local,1.0,0.487,3.78
Apple,Autumn,Local,3.0,0.317,2.35
Grapes,Spring,Local,2.0,0.146,2.91
Banana,Spring,Local,3.0,0.194,1.17
Orange,Summer,Imported,5.0,0.196,1.16
Banana,Autumn,Imported,10.0,0.116,1.56
Orange,Autumn,Imported,6.0,0.353,2.46
Mango,Autumn,Imported,9.0,,4.62
Orange,Winter,,10.0,0.305,1.77
Grapes,Summer,Imported,4.0,0.128,2.87
Apple,Autumn,,7.0,,
Orange,Autumn,Local,6.0,0.359,2.1
Orange,Autumn,Local,,0.164,2.1
Apple,,Imported,10.0,0.292,2.55
Grapes,Winter,Imported,8.0,0.135,4.71
Banana,Spring,Local,7.0,0.143,1.26
Orange,Summer,Imported,7.0,0.31,2.71
Apple,Spring,Imported,,0.192,2.75
Mango,Summer,Imported,1.0,0.585,3.67
Apple,Winter,Imported,1.0,0.128,2.29
Mango,Autumn,Local,8.0,0.453,4.77
Grapes,Spring,Local,4.0,,4.28
Banana,Autumn,,5.0,0.207,0.85
Apple,Spring,,8.0,0.16,1.89
Orange,Winter,Imported,5.0,0.209,2.65
Grapes,Winter,Imported,10.0,,4.21
Apple,Winter,Imported,4.0,0.33,2.58
Orange,Spring,Imported,6.0,0.203,1.95
Apple,Summer,Local,5.0,0.153,1.64
Mango,Spring,Imported,,0.516,5.15
Apple,Summer,Imported,10.0,0.235,3.32
Apple,Spring,Local,7.0,0.33,2.09
Apple,Spring,Imported,4.0,0.154,2.09
Grapes,,Local,5.0,0.115,4.09
Apple,Autumn,Local,3.0,0.174,
Orange,Autumn,Local,4.0,0.189,2.25
Mango,Summer,Local,4.0,0.489,3.05
Mango,Autumn,Local,3.0,0.458,3.74
Apple,Spring,Imported,10.0,0.294,3.67
Grapes,Spring,Local,5.0,0.081,3.7
Grapes,Winter,Local,5.0,0.095,3.04
Orange,Winter,Imported,7.0,0.251,2.37
Apple,Autumn,Imported,,0.346,2.15
Mango,Summer,Local,4.0,0.352,3.1
Grapes,Autumn,,9.0,0.079,5.53
Apple,Autumn,Imported,6.0,0.202,2.98
Grapes,Autumn,Local,4.0,0.106,3.5
Grapes,Autumn,Local,2.0,0.075,
Mango,Spring,,6.0,0.57,2.97
Banana,Summer,Local,2.0,0.14,0.75
Orange,Spring,Local,5.0,,1.83
Orange,Summer,Imported,6.0,0.176,2.43
Mango,Winter,Local,4.0,0.48,3.73
Grapes,Autumn,Local,3.0,0.141,3.86
Apple,Spring,Local,7.0,0.159,1.64
Grapes,Summer,,2.0,0.147,2.65
Mango,Winter,Local,6.0,0.409,3.19
Orange,Winter,,4.0,0.386,1.78
Grapes,Autumn,Imported,6.0,0.118,2.47
Orange,Summer,Local,,0.225,2.36
Apple,Spring,Imported,4.0,0.163,1.96
Orange,Autumn,Local,4.0,0.226,2.31
Orange,Spring,Local,9.0,0.173,1.84
Banana,Winter,Local,7.0,0.122,1.58
Banana,Spring,Local,3.0,0.116,1.12
Banana,Spring,Local,3.0,0.163,1.36
Orange,Autumn,,6.0,0.349,1.14
Mango,Spring,Imported,6.0,0.299,4.95
Orange,Autumn,Local,4.0,0.183,2.28
Mango,Winter,Imported,9.0,0.475,3.51
Mango,Autumn,Local,4.0,0.319,2.66
Banana,Autumn,Imported,9.0,0.115,1.35
Grapes,Summer,Local,4.0,0.067,4.2
Apple,Spring,Imported,2.0,0.332,2.32
Banana,Winter,Local,2.0,0.223,1.06
Banana,Autumn,Local,5.0,0.153,0.9
Grapes,Winter,Imported,4.0,0.116,2.14
Apple,Summer,Imported,7.0,0.244,3.17
Orange,Spring,Local,5.0,0.319,1.13
Orange,Autumn,Imported,6.0,0.321,2.21
Banana,Spring,Local,10.0,0.194,1.66
Apple,Summer,Imported,4.0,,
Banana,Summer,Imported,2.0,0.106,1.27
Mango,Winter,Local,10.0,0.409,3.1
Banana,Autumn,Imported,9.0,,1.51
Banana,Winter,Imported,10.0,,
Orange,Summer,Local,7.0,0.358,2.23
Orange,Spring,Imported,4.0,0.398,1.55
Orange,Winter,,3.0,0.191,1.59
Mango,Winter,Local,,0.492,4.6
Orange,Spring,,,0.319,1.18
Apple,Winter,Local,9.0,0.345,2.93
Grapes,Spring,Local,5.0,,2.76
Apple,Autumn,Imported,3.0,0.278,2.58
Apple,Spring,Local,5.0,0.176,1.74
Orange,Autumn,Local,2.0,0.35,1.85
Grapes,Spring,Imported,4.0,0.061,2.48
Grapes,Summer,Imported,10.0,0.128,3.88
Grapes,Summer,Imported,2.0,0.141,2.62
Mango,Autumn,Local,2.0,0.384,3.98
Orange,Autumn,,8.0,0.308,1.52
Grapes,Summer,Local,1.0,0.093,3.7
Mango,,Imported,7.0,0.403,5.51
Banana,Spring,Local,5.0,0.147,0.94
Banana,Spring,,8.0,0.214,1.47
Mango,Summer,Local,1.0,0.578,2.39
Mango,Winter,Imported,7.0,0.579,
Orange,Spring,Local,5.0,0.194,2.07
Orange,Autumn,Local,4.0,0.369,1.93
Banana,Winter,Local,7.0,0.211,1.31
Grapes,Winter,Imported,,0.075,3.42
Banana,Spring,Imported,,0.11,1.07
Grapes,Spring,Local,,0.077,1.99
Grapes,Winter,Local,,0.141,3.34
Orange,Winter,Local,1.0,0.308,1.55
Apple,Summer,Imported,5.0,0.286,2.82
Apple,Autumn,Local,10.0,0.179,2.15
Mango,Summer,Local,7.0,0.502,
Orange,Spring,Local,2.0,0.157,1.37
Grapes,Summer,,10.0,0.088,2.37
Apple,Summer,Imported,8.0,0.264,2.41
Grapes,Summer,Imported,4.0,0.065,4.28
Apple,Summer,Local,3.0,0.309,2.68
Apple,,Local,10.0,0.174,
Apple,Autumn,Imported,8.0,0.27,2.62
Orange,Winter,Imported,2.0,0.251,1.05
Banana,Spring,Local,3.0,0.189,1.33
Grapes,Summer,Imported,3.0,0.061,2.1
Orange,Winter,Imported,10.0,0.154,3.06
Orange,Winter,Local,1.0,0.377,1.53
Orange,Winter,Imported,6.0,0.217,1.71
Orange,Autumn,Imported,2.0,0.355,2.39
Orange,Summer,Local,1.0,0.4,0.91
Mango,Summer,Local,2.0,,3.6
Grapes,Spring,Imported,,0.077,3.82
Orange,Summer,Local,4.0,0.316,
Grapes,Summer,Imported,6.0,,3.48
Mango,Winter,Local,9.0,0.571,4.63
Mango,Spring,Imported,10.0,0.426,5.46
Grapes,Summer,Local,10.0,0.13,2.3
Apple,Autumn,Imported,8.0,0.151,3.48
Banana,Summer,Imported,1.0,0.247,0.89
Apple,Winter,Imported,8.0,0.342,2.22
Apple,,Local,9.0,0.158,2.12
Apple,Winter,Local,6.0,0.189,1.6
Orange,Summer,Imported,10.0,0.175,1.5
Mango,Autumn,Imported,5.0,0.345,5.46
Apple,Spring,Local,6.0,0.308,2.03
Mango,Spring,Local,6.0,0.382,2.87
Grapes,Autumn,Local,9.0,0.059,2.54
Banana,Autumn,Local,,0.151,1.26
Grapes,Winter,Local,,0.148,3.76
Grapes,Autumn,,9.0,0.113,2.96
Orange,,Imported,2.0,0.254,1.03
Banana,Summer,Local,10.0,0.125,1.1
Grapes,Winter,Imported,9.0,0.149,2.64
Grapes,Autumn,Local,2.0,0.132,2.06
Banana,Autumn,Local,8.0,0.142,1.2
Banana,Summer,Imported,9.0,0.111,1.18
Grapes,Autumn,,10.0,0.056,4.16
Banana,Autumn,Local,9.0,0.118,1.09
Grapes,Spring,Imported,10.0,0.108,5.5
Grapes,Spring,Imported,9.0,0.143,5.25
Orange,Summer,Imported,2.0,0.274,1.85
Apple,Winter,Imported,4.0,0.314,2.17
Grapes,Spring,Local,7.0,0.095,3.13
Mango,Winter,Imported,2.0,0.498,3.53
Apple,Autumn,Local,1.0,0.288,2.28
Apple,Spring,Local,3.0,0.16,2.05
Apple,Summer,Local,4.0,0.203,2.7
Orange,,Local,8.0,0.309,2.63
Grapes,Summer,Imported,6.0,0.057,3.22
Orange,Spring,Imported,,0.24,
Grapes,Winter,Local,9.0,0.103,2.51
Orange,Autumn,Local,2.0,0.399,1.18
Orange,Winter,Local,5.0,0.269,1.62
Mango,Winter,Local,4.0,0.536,
Orange,Autumn,Imported,7.0,0.258,2.7
Banana,Autumn,Local,8.0,0.219,0.99
Mango,Spring,Imported,5.0,,4.0
Orange,Spring,Local,10.0,0.372,2.19
Apple,Spring,Local,5.0,0.215,
Banana,Spring,Local,2.0,0.191,0.97
Banana,Spring,Local,,0.195,1.54
Banana,Autumn,Imported,2.0,0.163,1.2
Mango,Winter,,10.0,0.301,4.55
Orange,Spring,Imported,6.0,0.173,1.25
Orange,Spring,Local,8.0,0.154,1.85
Apple,Winter,Local,,0.321,2.81
Apple,Spring,Imported,4.0,0.174,2.58
Banana,Winter,Imported,4.0,0.132,1.48
Apple,Winter,Local,6.0,0.289,2.31
Mango,Autumn,Local,4.0,0.362,2.71
Orange,Summer,Imported,8.0,0.277,1.22
Banana,Autumn,Local,9.0,0.124,1.13
Apple,Summer,Local,1.0,0.341,2.24
Mango,Summer,Imported,4.0,,4.78
Mango,Summer,Local,4.0,0.552,3.14
Apple,Spring,Imported,2.0,0.214,2.25
Orange,Autumn,,6.0,0.341,1.68
Apple,Summer,Imported,3.0,,2.19
Banana,Winter,Local,7.0,0.101,1.02
Apple,Spring,Imported,5.0,0.125,1.88
Mango,Autumn,Imported,4.0,0.455,3.19
Apple,Summer,Imported,,0.225,1.74
Orange,Winter,Imported,8.0,0.28,
Grapes,Autumn,Local,3.0,0.051,1.9
Apple,Autumn,Local,7.0,0.217,2.59
Orange,Spring,Imported,6.0,0.33,1.67
Orange,Autumn,Local,,,2.16
Mango,Spring,Local,,0.506,
Orange,Summer,Local,7.0,0.208,1.61
Orange,Spring,,1.0,0.353,1.35
Orange,Winter,Local,9.0,0.297,1.13
Orange,Spring,Imported,6.0,0.203,2.56
Banana,Winter,Imported,2.0,0.136,0.82
Banana,Spring,Imported,5.0,0.194,1.6
Mango,Autumn,Imported,4.0,0.54,5.05
Apple,Summer,,7.0,0.216,2.44
Orange,Winter,Local,8.0,0.215,1.98
Apple,Spring,Imported,1.0,,2.4
Apple,Spring,,5.0,0.274,2.08
Mango,Spring,Local,3.0,0.407,3.87
Orange,Autumn,Imported,1.0,0.272,1.03
Orange,Autumn,Local,3.0,0.201,1.02
Grapes,Winter,Imported,6.0,0.113,3.56
Apple,Winter,Imported,,0.203,2.71
Apple,Autumn,Local,8.0,0.349,3.09
Banana,Winter,Local,4.0,,0.85
Grapes,,Imported,3.0,0.099,4.19
Banana,Summer,Imported,5.0,0.185,1.04
Banana,Autumn,,9.0,0.238,1.2
Banana,Winter,Imported,6.0,0.22,1.16
Mango,Spring,Imported,9.0,0.408,4.31
Mango,Summer,Imported,,0.502,3.26
Banana,Autumn,Local,2.0,0.188,1.05
Grapes,Winter,Imported,5.0,0.099,4.4
Apple,Autumn,Local,9.0,0.164,2.42
Grapes,Spring,Imported,8.0,0.096,3.87
Orange,Summer,,,0.211,2.41
Mango,Autumn,Imported,1.0,0.57,
Apple,Autumn,Local,4.0,0.197,2.17
Apple,Autumn,Local,7.0,0.339,2.0
Orange,Spring,Local,,,
Orange,Autumn,Imported,6.0,,2.11
Banana,Spring,Imported,8.0,0.181,1.14
Mango,Spring,Imported,6.0,0.295,3.59
Mango,Spring,Local,10.0,0.382,5.18
Grapes,Summer,Imported,3.0,0.06,2.18
Banana,,Local,4.0,0.193,1.45
Banana,Autumn,Imported,3.0,0.167,0.92
Banana,Autumn,Local,1.0,,
Banana,Summer,Local,,0.133,1.24
Mango,Winter,Local,5.0,,3.73
Mango,Summer,Imported,1.0,0.392,4.55
Banana,Spring,Imported,1.0,0.239,1.05
Grapes,Summer,Imported,2.0,0.121,3.35
Apple,Spring,Local,4.0,0.216,1.53
Apple,Autumn,Local,6.0,0.239,1.55
Grapes,Winter,Imported,8.0,0.058,3.13
Banana,Autumn,Imported,3.0,0.248,
Mango,Spring,Imported,1.0,0.483,2.71
Apple,Spring,Local,3.0,,1.57
Orange,,Local,3.0,0.296,1.52
Orange,Winter,Local,5.0,0.177,1.97
Grapes,Summer,,4.0,0.147,3.67
Banana,Autumn,Local,4.0,0.126,0.9
Apple,Autumn,Imported,9.0,0.269,
Banana,,Local,7.0,0.137,1.55
Apple,,Local,,0.285,1.83
Grapes,Winter,Local,,0.128,3.89
Grapes,Autumn,,6.0,0.117,4.28
Orange,Spring,Local,3.0,0.304,2.03
Banana,Summer,Imported,6.0,0.234,1.04
Orange,Winter,,9.0,0.17,2.5
Banana,Summer,Local,,0.15,1.38
Orange,Winter,,4.0,0.212,1.84
Mango,Spring,Imported,5.0,,3.68
Mango,Summer,Imported,6.0,0.386,3.58
Mango,Autumn,Imported,3.0,0.506,2.9
Mango,Winter,Local,8.0,0.49,4.11
Apple,Summer,Imported,4.0,0.169,2.54
Mango,Autumn,Local,8.0,0.334,3.7
Grapes,Summer,Local,,0.078,3.67
Grapes,Summer,Imported,10.0,0.091,3.68
Apple,Summer,Local,3.0,,2.31
Mango,Winter,Local,10.0,,5.47
Mango,Autumn,Local,7.0,0.558,3.08
Mango,Spring,Imported,9.0,0.588,4.25
Orange,Winter,Local,4.0,0.235,1.17
Banana,Winter,Local,8.0,0.151,1.35
Orange,Winter,Imported,3.0,0.152,2.16
Banana,Spring,Local,7.0,0.202,1.54
Mango,Autumn,Local,3.0,0.539,3.01
Mango,Autumn,Imported,7.0,0.301,5.68
Orange,Autumn,Local,,0.19,1.26
Orange,Summer,Local,10.0,0.348,2.19
Banana,Summer,Local,6.0,0.192,0.87
Grapes,Summer,Local,2.0,0.054,3.85
Banana,Spring,Local,3.0,0.193,1.1
Orange,Summer,,6.0,0.227,2.27
Orange,Spring,Imported,4.0,0.242,
Apple,Autumn,Imported,6.0,0.297,1.95
Orange,Summer,Imported,1.0,0.353,1.02
Apple,Summer,Local,10.0,0.212,3.24
Grapes,,Local,1.0,0.145,2.45
Banana,Spring,Local,3.0,0.161,0.84
Banana,Autumn,Local,8.0,0.216,1.23
Apple,Winter,Local,8.0,0.231,2.61
Banana,Winter,Imported,4.0,0.235,0.88
Orange,Autumn,Imported,6.0,0.377,
Mango,Winter,Local,8.0,0.281,2.81
Apple,Spring,,7.0,0.335,2.26
Banana,Spring,Local,7.0,0.224,1.51
Apple,Summer,Imported,4.0,,3.17
Apple,Winter,Local,9.0,0.166,2.75
Mango,Summer,Local,10.0,0.532,3.34
Orange,Winter,Local,6.0,,2.43
Apple,Spring,Imported,3.0,0.187,2.35
Banana,Spring,Local,5.0,0.243,0.91
Grapes,,Imported,5.0,0.055,4.73
Apple,Winter,Imported,5.0,0.154,2.9
Apple,Spring,Imported,8.0,0.244,3.11
Mango,Winter,Imported,9.0,0.452,5.26
Orange,Summer,Imported,,0.311,1.6
Grapes,Winter,Imported,6.0,0.052,2.86
Banana,Summer,Local,6.0,0.244,1.32
Grapes,Winter,Local,9.0,0.054,2.86
Banana,,Local,4.0,0.121,1.07
Orange,Spring,Imported,6.0,0.154,
Banana,Summer,Local,4.0,0.185,1.31
Mango,Spring,Imported,1.0,0.576,3.52
Mango,Spring,Imported,7.0,,
Mango,Summer,Imported,10.0,0.538,5.81
Mango,Winter,Local,6.0,0.255,4.26
Grapes,Winter,Imported,9.0,0.104,3.17
Orange,Autumn,,,0.265,1.65
Banana,Winter,Local,7.0,0.175,1.08
Banana,Autumn,Local,,0.111,0.8
Mango,Winter,Imported,9.0,0.49,3.92
Mango,Winter,Imported,10.0,0.426,3.83
Apple,Spring,,9.0,0.296,2.44
Orange,Autumn,,6.0,0.271,2.43
Grapes,Winter,Local,3.0,0.065,2.13
Banana,Autumn,,,0.197,1.26
Apple,Spring,Local,4.0,0.16,2.45
Apple,Spring,Local,3.0,0.321,1.55
Banana,Autumn,Local,1.0,0.192,1.27
Grapes,Spring,,3.0,0.066,3.54
Apple,Summer,Local,4.0,0.341,1.98
Apple,Summer,Local,8.0,,2.87
Orange,Spring,,9.0,0.168,1.55
Grapes,Summer,Local,3.0,0.113,3.51
Apple,Winter,Local,6.0,0.178,1.61
Grapes,Autumn,Imported,10.0,0.13,5.18
Banana,Winter,Imported,5.0,0.223,1.23
Mango,Autumn,Imported,6.0,0.593,4.64
Apple,Spring,Local,4.0,0.235,1.78
Orange,Winter,Imported,10.0,0.264,2.55
Banana,,Imported,,,
Grapes,Spring,Imported,7.0,,3.71
Banana,Autumn,Local,9.0,0.182,1.38
Apple,Autumn,Local,,0.246,2.51
Grapes,Autumn,Imported,7.0,0.059,4.94
Mango,Winter,Imported,6.0,0.396,4.24
Banana,Summer,Local,1.0,,1.22
Apple,Autumn,Local,2.0,0.317,2.46
Orange,Autumn,Imported,1.0,,1.56
Grapes,Winter,Local,,0.059,2.88
Banana,,Imported,10.0,0.139,1.37
Banana,Winter,Local,10.0,0.231,1.59
Mango,Spring,Imported,9.0,0.295,3.78
Mango,Autumn,Imported,7.0,0.502,4.44
Orange,Autumn,Local,2.0,0.175,2.01
Orange,Spring,Imported,6.0,,1.73
Apple,Spring,Imported,4.0,0.202,2.63
Apple,Spring,Imported,1.0,0.301,1.81
Orange,Autumn,Local,1.0,0.208,1.02
Orange,Summer,Local,5.0,0.31,2.19
Grapes,Summer,Local,2.0,0.074,2.05
Mango,Summer,Imported,4.0,0.5,3.39
Apple,Autumn,Local,1.0,0.321,2.45
Mango,,Imported,4.0,0.294,3.59
Mango,Autumn,,6.0,0.553,
Orange,Spring,Local,10.0,0.298,2.84
Grapes,Autumn,Local,4.0,0.063,2.59
Banana,Autumn,Imported,1.0,0.164,0.8
Grapes,Spring,Imported,7.0,0.066,4.39
Grapes,Summer,Local,2.0,0.12,
Mango,Spring,Local,9.0,0.516,3.08
Grapes,Winter,Local,3.0,0.061,3.54
Apple,,Imported,8.0,,1.85
Mango,Spring,Imported,8.0,0.535,5.61
Apple,Autumn,Imported,3.0,0.335,1.77
Banana,Winter,Imported,4.0,0.177,0.95
Mango,Winter,Imported,2.0,0.583,2.94
Banana,Autumn,Local,4.0,0.18,1.43
Mango,Autumn,Local,9.0,0.388,4.74
Orange,Summer,Imported,2.0,0.362,2.2
Grapes,Autumn,Imported,3.0,0.099,3.1
Orange,Spring,,4.0,0.268,1.46
Banana,Spring,Local,5.0,0.174,0.96
Grapes,Summer,Local,1.0,0.135,2.82
Mango,Winter,Local,7.0,0.541,4.11
Grapes,Winter,Imported,10.0,0.09,4.53
Apple,Autumn,,7.0,,2.0
Grapes,Spring,Imported,9.0,0.099,5.39
Apple,Winter,Local,4.0,0.252,1.7
Grapes,Summer,Local,6.0,0.074,4.55
Apple,Summer,Local,2.0,0.303,1.39
Banana,Spring,,4.0,0.173,1.21
Orange,Summer,Imported,2.0,0.234,1.5
Mango,Summer,Local,10.0,0.287,4.17
Grapes,Spring,Imported,5.0,0.074,3.77
Orange,Autumn,Imported,7.0,0.387,1.93
Mango,Autumn,Local,1.0,0.357,3.11
Mango,Summer,Local,10.0,0.309,4.98
Apple,Autumn,Imported,10.0,0.226,3.2
Banana,Autumn,Imported,7.0,0.146,
Banana,Summer,Imported,10.0,0.105,1.23
Orange,Autumn,Local,6.0,0.231,1.97
Banana,Summer,Local,,0.182,1.25
Grapes,Winter,Imported,8.0,,3.51
Banana,Spring,Local,8.0,0.153,1.24
Orange,Spring,Local,6.0,0.262,1.51
Banana,Autumn,Imported,,0.245,0.93
Grapes,Autumn,Imported,5.0,0.088,2.79
Apple,Autumn,Local,,0.179,1.51
Orange,Spring,Local,5.0,,2.02
Apple,Winter,Imported,9.0,0.225,3.07
Apple,,Local,10.0,0.295,3.36
Apple,Spring,Local,1.0,0.167,2.28
Mango,Winter,Imported,10.0,0.498,3.33
Mango,Spring,Imported,5.0,0.257,5.18
Apple,Winter,Local,6.0,0.216,2.88
Orange,Summer,Local,7.0,0.344,1.76
Grapes,Summer,Local,9.0,0.084,
Grapes,Spring,Imported,6.0,0.106,5.03
Banana,Winter,Local,5.0,0.131,1.17
Orange,Autumn,Local,7.0,0.335,
Mango,Winter,Imported,1.0,0.268,2.62
Apple,Summer,Imported,5.0,0.316,1.97
Banana,Summer,,2.0,0.13,1.01
Grapes,Winter,Imported,4.0,0.137,
Mango,Winter,,7.0,0.373,5.29
Mango,Autumn,Local,5.0,0.503,4.97
Apple,Autumn,Imported,6.0,0.193,2.36
Grapes,Winter,Imported,2.0,0.141,2.12
Orange,Winter,Local,3.0,0.182,2.07
Mango,Winter,,7.0,0.312,4.68
Apple,Winter,Local,2.0,0.233,1.64
Orange,Spring,Local,6.0,0.17,1.79
Grapes,Winter,Imported,5.0,0.07,
Mango,Autumn,Imported,10.0,0.58,5.6
Orange,Summer,Imported,1.0,0.394,1.69
Orange,Spring,Local,10.0,,1.68
Orange,Winter,Imported,4.0,0.381,2.63
Mango,Summer,Local,2.0,0.441,3.78
Mango,Spring,Imported,,0.344,3.76
Banana,Summer,Imported,1.0,0.205,0.96
Grapes,Winter,Imported,2.0,0.116,3.83
Apple,,Local,8.0,0.347,2.03
Orange,Autumn,Imported,6.0,0.216,1.42
Banana,Winter,Imported,2.0,0.201,1.17
Apple,Winter,Local,6.0,,1.99
Banana,Spring,Local,10.0,0.117,1.43
Mango,Autumn,Imported,9.0,0.251,3.44
Orange,Spring,Imported,7.0,0.4,2.31
Apple,Summer,Imported,9.0,,2.37
Apple,Winter,Local,5.0,0.301,1.5
Apple,Summer,Local,7.0,0.237,1.79
Apple,Spring,Local,7.0,0.189,3.07
Apple,,Local,3.0,0.155,2.63
Banana,Winter,Imported,7.0,0.143,1.12
Orange,Spring,,1.0,0.244,1.91
Mango,Spring,Local,9.0,0.515,4.5
Mango,Spring,Local,10.0,0.439,5.67
Mango,Spring,Imported,6.0,0.277,3.89
Mango,Spring,Imported,5.0,,4.62
Banana,Winter,Local,7.0,,0.9
Grapes,Spring,Local,5.0,0.091,2.99
Orange,Winter,Imported,10.0,0.383,3.09
Apple,Winter,Imported,5.0,0.267,2.54
Grapes,Spring,Imported,10.0,0.13,3.44
Mango,Spring,Imported,7.0,,
Grapes,Autumn,Imported,10.0,0.086,4.75
Orange,Winter,Imported,7.0,0.177,2.29
Apple,Spring,Imported,3.0,0.321,2.13
Apple,Spring,Imported,3.0,0.3,3.03
Orange,Spring,Local,,0.192,1.19
Orange,Autumn,Local,,0.278,1.37
Mango,Autumn,Local,6.0,0.421,4.95
Apple,Summer,Local,6.0,0.264,2.04
Grapes,Winter,Local,3.0,0.145,2.47
Banana,Summer,Local,3.0,0.187,1.1
Banana,Spring,Imported,8.0,0.181,1.65
Orange,Autumn,Imported,8.0,0.163,1.38
Mango,Autumn,Local,7.0,,
Banana,Summer,,10.0,0.128,1.56
Apple,Autumn,Imported,,0.127,1.89
Orange,Spring,Imported,,0.336,2.21
Grapes,,Imported,3.0,0.122,3.06
Orange,Summer,Local,5.0,0.184,1.6
Grapes,Spring,Imported,3.0,0.134,4.09
Orange,Summer,Local,8.0,0.189,2.66
Orange,Autumn,Local,7.0,0.225,1.26
Orange,Summer,Imported,3.0,0.212,1.69
Grapes,Summer,Imported,9.0,0.087,3.95
Grapes,Winter,Local,5.0,0.075,2.94
Orange,Autumn,Imported,9.0,0.272,1.9
Banana,Autumn,Imported,7.0,0.161,0.98
Mango,Summer,,7.0,0.595,4.47
Mango,Winter,Imported,6.0,0.27,4.07
Mango,,Local,2.0,0.3,2.72
Grapes,Spring,Local,9.0,0.055,4.52
Grapes,Summer,Imported,,0.113,4.54
Banana,Autumn,Local,8.0,0.108,1.24
Mango,Spring,Local,1.0,0.543,2.86
Mango,Autumn,Imported,5.0,0.429,4.5
Orange,Spring,Imported,,,1.39
Grapes,Summer,Imported,10.0,0.106,3.28
Mango,Autumn,Local,8.0,0.31,4.72
Banana,Autumn,Local,8.0,0.13,
Banana,Winter,Imported,1.0,0.148,0.84
Mango,Summer,Local,9.0,0.458,2.82
Grapes,Spring,Imported,2.0,0.071,2.38
Banana,Autumn,Imported,9.0,0.117,1.05
Orange,Autumn,Local,,0.393,2.19
Banana,Spring,Imported,10.0,0.103,1.27
Apple,Summer,Local,9.0,0.305,1.93
Apple,Winter,Local,4.0,0.301,1.81
Grapes,Winter,Imported,9.0,0.08,5.35
Mango,Autumn,,7.0,0.297,4.03
Grapes,Spring,Imported,6.0,0.065,3.3
Grapes,Autumn,Local,5.0,0.12,4.18
Grapes,Spring,Local,9.0,0.114,3.35
Grapes,Winter,Local,2.0,,2.58
Orange,Summer,Imported,2.0,0.384,1.31
Orange,Spring,,9.0,0.323,1.75
Banana,Winter,Imported,3.0,0.123,1.06
Apple,Autumn,Local,8.0,0.176,2.74
Grapes,Spring,Local,9.0,0.134,3.05
Banana,Summer,Imported,8.0,0.131,1.44
Apple,Autumn,Imported,4.0,0.137,1.71
Mango,Autumn,Imported,1.0,0.496,
Orange,Winter,Imported,4.0,0.251,1.72
Apple,Spring,Imported,9.0,0.332,3.58
Mango,Autumn,Local,,0.478,3.13
Apple,Summer,Local,,0.141,2.35
Orange,Spring,Imported,10.0,0.387,1.75
Orange,Summer,Local,8.0,0.215,1.3
Banana,,Local,6.0,0.151,0.87
Grapes,,Local,8.0,,
Apple,Winter,Imported,7.0,0.132,2.02
Apple,Summer,Local,5.0,0.234,1.76
Mango,Spring,Local,9.0,0.293,4.93
Orange,Summer,Local,4.0,0.25,0.99
Apple,Summer,Imported,6.0,0.201,
Orange,Winter,Local,2.0,0.343,1.43
Apple,Summer,Local,2.0,0.305,2.06
Banana,Summer,Imported,2.0,0.123,1.2
Grapes,Autumn,Imported,10.0,0.087,3.52
Apple,Autumn,Local,7.0,0.206,2.06
Orange,Spring,Local,,0.188,1.91
Banana,Autumn,Imported,,0.22,1.41
Apple,Autumn,,9.0,0.283,2.2
Mango,Autumn,Imported,7.0,0.317,3.2
Grapes,Autumn,Imported,3.0,0.087,4.39
Apple,Winter,Imported,3.0,,2.09
Banana,,Imported,7.0,0.194,1.38
Mango,,Imported,,0.292,3.74
Banana,Winter,Local,10.0,0.248,1.02
Banana,Autumn,,6.0,0.217,1.37
Mango,Summer,Imported,8.0,0.387,4.57
Banana,Winter,Local,9.0,0.187,1.06
Mango,Summer,Imported,1.0,0.569,3.51
Apple,Summer,Imported,3.0,0.247,2.79
Mango,Autumn,Local,7.0,0.311,4.21
Mango,Spring,Imported,6.0,0.383,3.11
Grapes,Autumn,Local,7.0,0.134,3.57
Mango,Spring,Local,8.0,0.475,4.64
Mango,Spring,Local,6.0,0.478,4.62
Apple,Autumn,Local,3.0,0.319,
Grapes,Autumn,Imported,2.0,0.139,2.38
Orange,Spring,Local,,0.38,2.19
Apple,Autumn,Local,1.0,0.142,2.21
Apple,Spring,Imported,3.0,0.245,1.59
Orange,Summer,Local,,0.335,1.57
Mango,,Local,1.0,0.515,2.93
Banana,Summer,Local,,0.191,1.27
Grapes,Winter,,10.0,0.067,2.92
Banana,Summer,Imported,3.0,0.22,1.25
Orange,Summer,Local,2.0,0.33,2.16
Apple,Spring,Imported,3.0,,2.79
Apple,Summer,Imported,8.0,0.227,3.46
Grapes,Autumn,,6.0,0.067,4.58
Apple,Spring,Local,7.0,,1.61
Apple,Winter,Local,6.0,0.124,2.51
Grapes,Autumn,Local,6.0,0.09,3.12
Grapes,Winter,,3.0,,4.29
Orange,Summer,Imported,8.0,0.305,1.65
Apple,Autumn,Imported,7.0,0.273,3.46
Apple,Autumn,Local,7.0,0.312,2.57
Orange,Winter,Imported,6.0,0.204,2.48
Mango,Autumn,Local,5.0,0.292,2.71
Mango,Autumn,Local,10.0,0.548,3.4
Mango,Autumn,Local,8.0,0.305,4.79
Orange,Summer,Local,5.0,0.394,1.03
Apple,Winter,Local,9.0,0.314,3.05
Orange,Autumn,Imported,,,1.26
Orange,Spring,Imported,1.0,0.395,1.92
Mango,Spring,Local,6.0,0.284,3.52
Banana,Spring,Imported,7.0,0.145,1.43
Apple,Spring,Local,3.0,0.267,2.39
Mango,Summer,Local,,0.373,3.56
Banana,Autumn,Local,7.0,0.239,0.93
Banana,Winter,Imported,2.0,0.11,0.85
Grapes,Autumn,Local,7.0,0.105,3.68
Apple,Summer,Local,1.0,0.256,
Banana,Spring,Imported,5.0,0.198,1.45
Mango,Summer,Imported,9.0,0.339,4.65
Grapes,Autumn,Imported,7.0,0.086,3.56
Apple,Winter,Local,7.0,0.314,2.22
Orange,Summer,Local,2.0,0.199,0.95
Mango,Winter,Imported,8.0,0.539,4.0
Banana,Summer,Local,3.0,0.184,1.39
Banana,Winter,Imported,8.0,0.214,
Mango,Winter,Imported,3.0,0.5,3.44
Banana,Spring,Local,10.0,0.131,1.39
Grapes,Winter,,7.0,0.107,4.37
Apple,Spring,,2.0,0.32,2.16
Grapes,Autumn,Imported,,0.093,2.18
Banana,Autumn,Imported,,0.245,0.97
Orange,,Imported,9.0,0.263,2.18
Apple,Spring,Local,5.0,0.153,2.95
Apple,Summer,Imported,9.0,,3.13
Mango,Summer,Imported,5.0,0.583,
Mango,Summer,Imported,10.0,0.362,3.76
Orange,Autumn,Local,8.0,0.367,2.35
Apple,,Local,1.0,0.323,2.43
Orange,Winter,Imported,7.0,0.238,2.25
Mango,Winter,Local,4.0,0.279,3.99
Mango,Summer,Local,5.0,,2.57
Apple,Winter,Local,6.0,0.192,2.83
Grapes,Autumn,Imported,5.0,0.128,4.37
Banana,Winter,Imported,1.0,0.166,0.95
Mango,Autumn,Local,9.0,0.42,4.78
Mango,Spring,Imported,2.0,0.522,3.04
Grapes,Spring,Imported,9.0,0.088,2.59
Grapes,Spring,Local,10.0,0.094,2.88
Orange,Spring,Local,2.0,0.244,1.15
Orange,Winter,Imported,9.0,0.242,1.86
Banana,Summer,Local,6.0,0.179,1.13
Banana,Winter,,9.0,0.221,1.42
Apple,Autumn,Imported,6.0,0.203,2.51
Orange,Winter,Local,6.0,0.281,1.45
Mango,Winter,Imported,2.0,0.485,
Orange,Autumn,Imported,8.0,,2.29
Mango,Spring,Local,3.0,0.347,3.28
Grapes,,Local,7.0,0.143,2.91
Orange,Spring,Local,5.0,0.331,2.3
Grapes,Summer,Imported,,0.108,4.0
Banana,Autumn,Local,1.0,0.197,1.23
Banana,,Local,8.0,0.104,1.25
Apple,Winter,Local,3.0,0.262,1.59
Orange,Summer,Local,2.0,0.277,1.86
Grapes,Spring,Imported,1.0,0.105,2.43
Mango,Summer,Imported,4.0,,3.84
Banana,Autumn,,8.0,0.112,0.92
Banana,Autumn,Imported,3.0,0.129,1.42
Mango,Winter,Local,1.0,0.583,2.48
Grapes,Winter,Local,4.0,0.091,4.13
Grapes,Autumn,Imported,9.0,0.097,5.13
Orange,Spring,Imported,1.0,0.163,1.64
Orange,Spring,Local,2.0,0.159,1.93
Apple,Summer,Local,9.0,0.285,2.72
Banana,Autumn,Imported,2.0,0.181,1.36
Orange,Autumn,Local,3.0,0.277,1.55
Grapes,Spring,Imported,7.0,0.074,4.62
Mango,Spring,Local,3.0,0.511,3.44
Grapes,Autumn,Local,9.0,0.067,4.87
Banana,Winter,,6.0,0.128,1.29
Grapes,Autumn,Imported,3.0,0.096,3.26
Apple,Autumn,Imported,9.0,0.186,3.3
Banana,Spring,Imported,1.0,0.137,1.33
Mango,Spring,Imported,10.0,0.476,4.92
Apple,Winter,Imported,3.0,0.27,1.83
Banana,,Imported,1.0,0.224,1.09
Mango,Summer,,2.0,0.396,4.48
Apple,Autumn,Local,8.0,0.137,2.87
Apple,Spring,Local,7.0,0.183,2.88
Banana,Winter,Imported,,0.247,0.82
Orange,Summer,Imported,2.0,0.299,1.7
Apple,Summer,,9.0,0.283,3.04
Apple,Spring,Local,6.0,0.122,
Mango,Spring,Imported,5.0,0.431,2.89
Grapes,Summer,Imported,10.0,0.054,5.23
Banana,Winter,,6.0,0.185,1.22
Banana,Summer,Imported,9.0,0.238,1.16
Orange,Autumn,Local,7.0,,1.56
Orange,Autumn,Local,10.0,0.285,
Banana,Spring,Imported,10.0,0.169,1.48
Orange,Winter,Imported,9.0,0.386,1.33
Mango,Winter,Imported,4.0,0.486,3.09
Banana,Autumn,Local,2.0,0.11,1.25
Orange,Summer,,8.0,0.266,1.31
Banana,Spring,Local,,0.136,0.93
Grapes,Summer,Imported,9.0,0.097,3.86
Apple,Summer,Imported,4.0,,2.43
Banana,Summer,Imported,8.0,0.187,1.6
Apple,Winter,,9.0,0.202,2.67
Orange,Autumn,Local,9.0,0.191,2.45
Apple,Winter,Local,10.0,0.236,2.79
Banana,Autumn,Local,,0.225,0.85
Grapes,Spring,Local,1.0,0.116,2.1
Orange,Spring,Imported,3.0,0.235,1.71
Banana,Summer,Imported,9.0,0.24,1.33
Orange,Autumn,Imported,4.0,0.378,2.26
Mango,Autumn,Local,5.0,0.323,3.95
Apple,Autumn,Local,,0.129,2.21
Mango,Summer,Imported,5.0,0.509,
Banana,,Imported,4.0,0.224,1.02
Grapes,Spring,Local,2.0,0.147,3.13
Orange,Winter,Imported,2.0,0.372,1.64
Apple,Autumn,Local,4.0,0.258,2.2
Orange,Autumn,Local,10.0,0.283,1.44
Banana,Winter,Local,10.0,0.104,1.45
Orange,Autumn,,9.0,0.212,
Apple,Summer,Imported,8.0,0.226,2.26
Banana,Summer,Local,3.0,0.194,1.08
Orange,Autumn,,9.0,0.289,3.03
Grapes,Summer,Local,5.0,0.124,2.83
Banana,,Local,3.0,0.142,1.14
Banana,Autumn,Local,5.0,0.185,0.86
Grapes,Spring,Local,10.0,0.059,4.04
Mango,Winter,Imported,4.0,0.395,2.91
Apple,Summer,Local,8.0,0.293,3.2
Mango,Spring,Local,5.0,0.493,4.29
Orange,Summer,Imported,10.0,,2.76
Grapes,,,8.0,0.078,
Mango,Winter,Local,9.0,0.424,4.45
Banana,,Imported,4.0,0.149,1.19
Orange,,Imported,7.0,0.26,2.67
Orange,Winter,Imported,2.0,0.364,2.44
Mango,Winter,Local,6.0,0.489,
Mango,Spring,Imported,8.0,0.559,
Grapes,Autumn,Imported,7.0,0.07,4.03
Apple,,Local,7.0,0.321,2.45
Mango,,Local,,0.271,3.96
Mango,Autumn,Local,,0.561,3.2
Banana,Winter,Local,5.0,0.149,0.8
Orange,Summer,Local,7.0,0.229,1.44
Apple,Winter,Imported,10.0,0.238,2.86
Banana,Summer,Imported,3.0,0.241,1.1
Grapes,Autumn,Imported,5.0,0.055,3.43
Grapes,Winter,Local,7.0,0.085,4.72
Mango,Summer,Local,9.0,0.55,3.78
Mango,Spring,Local,2.0,0.389,3.3
Grapes,Summer,Imported,4.0,0.07,2.49
Mango,Winter,Imported,7.0,0.399,3.05
Apple,Spring,Local,1.0,0.209,2.34
Mango,Summer,Imported,2.0,0.57,3.93
Orange,Summer,Local,9.0,0.34,2.4
Mango,Summer,Imported,10.0,0.427,3.64
Banana,Summer,Imported,7.0,0.248,1.4
Apple,Summer,Imported,10.0,0.227,2.38
Banana,Spring,Local,7.0,0.109,1.02
Banana,Autumn,Imported,6.0,0.139,0.92
Orange,Spring,Imported,3.0,0.259,1.24
Apple,,Local,10.0,0.156,2.26
Apple,Spring,Imported,3.0,0.338,1.73
Apple,Autumn,Local,2.0,0.296,2.71
Apple,Winter,Local,6.0,0.182,
Apple,Autumn,Local,4.0,0.256,1.64
Orange,,Local,,0.33,1.3
Mango,Summer,Local,3.0,0.579,
Banana,Summer,Imported,6.0,0.232,0.96
Apple,Spring,Local,3.0,0.238,2.63
Mango,Summer,Local,8.0,0.521,5.35
Mango,Spring,Local,9.0,0.447,3.49
Banana,Summer,Local,4.0,0.183,1.08
Orange,Autumn,Imported,9.0,0.179,1.27
Grapes,Winter,Local,7.0,0.063,3.82
Grapes,Winter,Imported,3.0,0.103,3.14
Mango,Autumn,Local,7.0,0.344,3.37
Banana,Autumn,Imported,1.0,0.103,0.91
Grapes,Spring,Local,3.0,0.122,3.42
Mango,Spring,Local,6.0,0.261,3.65
Orange,Spring,Imported,,0.299,1.35
Grapes,Summer,Local,7.0,0.104,3.95
Mango,Spring,Imported,3.0,0.589,4.05
Mango,Autumn,Local,1.0,0.419,4.09
Apple,Winter,Imported,9.0,0.135,2.07
Orange,Summer,,6.0,0.288,
Apple,Spring,Local,8.0,0.313,2.74
Banana,Summer,Imported,,0.25,0.91
Apple,Summer,Local,8.0,0.219,2.77
Apple,Spring,Local,2.0,0.194,1.97
Grapes,Summer,Local,4.0,0.141,4.23
Mango,Winter,Local,3.0,0.317,2.68
Orange,Autumn,Local,10.0,0.304,2.26
Apple,Autumn,,1.0,0.213,1.82
Orange,Winter,Imported,7.0,,2.84
Apple,Summer,Imported,10.0,0.2,2.52
Banana,Spring,Imported,2.0,0.14,1.48
Apple,,Local,4.0,0.278,2.77
Grapes,Winter,Imported,9.0,0.145,3.3
Mango,Summer,Local,6.0,0.344,4.64
Banana,Autumn,Local,8.0,0.222,1.63
Apple,Summer,Local,2.0,0.133,1.71
Orange,Winter,Local,7.0,0.285,1.75
Banana,Autumn,Imported,6.0,0.111,1.32
Banana,Summer,Local,9.0,0.24,1.13
Apple,Summer,Imported,7.0,0.296,1.78
Banana,Autumn,Local,1.0,0.199,0.84
Orange,Spring,Imported,8.0,0.356,1.71
Banana,Autumn,Imported,10.0,0.197,1.4
Orange,Spring,Imported,3.0,0.392,1.3
Apple,Winter,Imported,2.0,0.284,2.81
Mango,Winter,Imported,3.0,0.574,4.41
Banana,Autumn,Imported,6.0,0.178,0.97
Mango,Autumn,Local,3.0,,3.88
Orange,Winter,Imported,,0.282,2.51
Banana,Spring,,5.0,0.119,1.47
Grapes,,Imported,6.0,0.109,2.27
Mango,Autumn,Local,8.0,0.419,3.4
Banana,Winter,Imported,,0.193,1.69
Mango,Autumn,Imported,8.0,0.254,5.79
Banana,,Local,3.0,,1.23
Apple,Winter,Imported,4.0,0.233,2.83
Mango,Spring,Imported,,,3.09
Grapes,Summer,,7.0,0.088,3.83
Grapes,Winter,Local,9.0,0.092,2.89
Orange,Summer,Imported,1.0,0.329,1.23
Banana,Winter,Local,8.0,0.191,1.49
Mango,Summer,Imported,8.0,,3.4
Orange,Spring,Imported,6.0,0.253,1.93
Mango,Spring,Local,,0.326,4.7
Banana,Winter,Imported,3.0,0.245,0.96
Grapes,Autumn,Imported,3.0,0.063,4.6
Apple,Summer,Local,6.0,0.206,3.08
Grapes,Autumn,Imported,8.0,0.053,4.06
Orange,Autumn,Local,7.0,0.205,1.33
Apple,Autumn,Local,1.0,,1.74
Orange,,Local,,,1.69
Banana,Winter,Imported,7.0,,1.19
Apple,,Local,7.0,0.229,2.04
Orange,Spring,Local,9.0,0.152,2.75
Banana,Spring,Imported,10.0,0.113,1.15
Grapes,Winter,Local,5.0,0.131,3.83
Banana,Autumn,Imported,1.0,0.216,0.77
Mango,Summer,Imported,2.0,0.57,3.99
Banana,Summer,Imported,4.0,0.228,1.54
Banana,Summer,Imported,5.0,0.202,1.1
Mango,Autumn,Local,9.0,0.268,3.32
Orange,Winter,Local,1.0,0.346,1.74
Orange,Spring,Local,3.0,0.361,1.94
Banana,Winter,Local,5.0,0.22,1.28
Mango,Autumn,Local,3.0,0.428,3.1
Mango,Spring,Imported,4.0,0.332,3.34
Grapes,Autumn,Local,3.0,0.135,4.13
Orange,Summer,Local,4.0,0.332,2.31
Apple,Summer,Local,1.0,0.346,1.92
Orange,Autumn,Imported,,0.189,2.72
Orange,Spring,Imported,4.0,0.206,1.79
Grapes,Spring,Local,7.0,0.071,3.24
Apple,Winter,Imported,2.0,0.302,1.74
Grapes,Summer,Local,,0.069,2.79
Apple,Winter,Local,6.0,0.135,2.38
Banana,Winter,Imported,,0.25,0.82
Apple,Autumn,Imported,,0.126,
Grapes,Autumn,Local,2.0,,3.6
Orange,Winter,Local,4.0,0.241,1.96
Apple,Summer,Imported,7.0,,2.86
Apple,Autumn,Local,8.0,0.248,3.12
Mango,Winter,Imported,,0.566,2.63
Orange,Winter,Local,9.0,0.382,2.06
Banana,Winter,Imported,2.0,,1.35
Grapes,Winter,Local,8.0,0.058,3.66
Banana,Winter,Local,8.0,0.138,1.12
Orange,Winter,Imported,4.0,0.317,1.29
Apple,Autumn,,1.0,0.324,2.49
Apple,Summer,Local,,0.226,1.94
Orange,Winter,Imported,,0.302,2.32
Apple,Spring,Local,9.0,0.163,2.66
Apple,Autumn,Local,2.0,0.305,2.29
Apple,Autumn,Local,2.0,0.342,2.46
Grapes,Winter,Imported,6.0,0.077,4.13
Grapes,Autumn,,7.0,0.099,3.49
Mango,Winter,Imported,7.0,0.28,
Banana,Summer,Local,9.0,0.184,1.53
Orange,Summer,Local,6.0,0.276,1.61
Orange,Autumn,Local,8.0,0.186,1.72
Orange,Autumn,Local,6.0,0.261,1.18
Mango,Spring,Imported,2.0,0.367,4.79
Grapes,Autumn,Local,1.0,0.102,1.96
Mango,Spring,Local,5.0,0.455,4.12
Orange,Summer,Local,9.0,0.152,1.81
Banana,Summer,Imported,8.0,0.214,1.3
Apple,Winter,Local,4.0,0.284,2.44
Grapes,Summer,Local,5.0,0.087,2.17
Grapes,,,5.0,0.055,3.48
Mango,Autumn,Local,6.0,0.514,4.56
Grapes,Winter,Local,3.0,0.146,3.83
Orange,Spring,Imported,5.0,0.21,1.38
Orange,Autumn,Local,2.0,0.231,2.13
Mango,Winter,Local,10.0,0.314,4.76
Orange,Summer,Local,1.0,0.294,2.04
Banana,Spring,Local,1.0,,1.0
Mango,Autumn,Local,10.0,0.375,4.43
Banana,Winter,Local,,0.205,1.53
Apple,Winter,Local,2.0,0.249,2.59
Banana,Summer,Local,4.0,0.158,1.08
Apple,Autumn,Local,5.0,0.217,1.91
Apple,Summer,Local,7.0,0.249,2.22
Banana,Summer,Imported,2.0,0.101,1.07
Mango,Autumn,Imported,6.0,0.277,3.65
Orange,Autumn,Imported,1.0,0.37,1.36
Orange,Autumn,Imported,7.0,0.169,2.67
Apple,Spring,,,0.283,1.8
Apple,Autumn,Imported,5.0,0.332,2.77
Mango,Winter,Imported,5.0,0.345,3.23
Grapes,Summer,Local,4.0,0.087,2.78
Banana,,Imported,3.0,0.185,0.87
Apple,Autumn,Imported,9.0,0.323,2.35
Orange,Spring,Local,5.0,0.385,2.15
Mango,Autumn,Local,8.0,0.509,5.14
Banana,Spring,Local,9.0,0.113,1.07
Mango,Summer,Imported,5.0,0.484,4.02
Banana,Summer,,10.0,0.162,1.43
Banana,Winter,Local,9.0,,1.58
Apple,Winter,Local,2.0,0.131,2.41
Mango,Autumn,Imported,9.0,0.317,4.66
Mango,Summer,Local,4.0,0.527,4.05
Orange,Spring,Imported,6.0,0.263,2.57
Orange,Spring,Local,6.0,0.225,1.04
Apple,Spring,,6.0,0.208,
Apple,Winter,Imported,,0.317,
Grapes,Spring,Local,,0.125,4.08
Orange,Winter,Local,6.0,0.218,1.87
Banana,Winter,Local,1.0,0.118,1.03
Mango,Autumn,Imported,2.0,0.338,3.37
Apple,Spring,Local,7.0,0.332,2.42
Mango,Spring,Local,1.0,0.454,3.64
Mango,Summer,Local,1.0,0.437,3.12
Grapes,Autumn,Local,1.0,0.11,3.33
Orange,Summer,Local,8.0,0.242,2.5
Apple,Autumn,Local,4.0,0.306,1.68
Mango,Spring,Imported,4.0,0.433,3.87
Apple,Winter,Imported,2.0,0.147,2.11
Banana,Winter,Local,1.0,0.119,1.13
Grapes,Winter,Imported,10.0,0.104,3.32
Banana,Winter,Imported,9.0,0.24,1.54
Apple,Winter,Local,7.0,0.191,2.99
Apple,Summer,,,0.32,2.27
Orange,Autumn,Imported,6.0,0.341,2.68
Mango,Spring,Imported,2.0,0.337,4.99
Mango,Summer,Imported,7.0,0.263,3.22
Banana,Autumn,Imported,2.0,0.115,0.96
Grapes,Winter,,,0.123,5.54
Mango,Autumn,Imported,8.0,0.32,5.87
Orange,Autumn,Imported,8.0,0.243,1.37
Banana,Winter,Local,1.0,0.175,0.71
Banana,Winter,Local,8.0,0.209,0.99
Orange,Winter,Imported,2.0,0.178,2.5
Grapes,Spring,Imported,6.0,0.091,2.78
Orange,Winter,Local,1.0,0.271,1.54
Grapes,Spring,Imported,5.0,0.104,4.53
Orange,Winter,Imported,7.0,0.355,1.2
Orange,Spring,Local,10.0,0.193,2.19
Apple,Autumn,Local,1.0,0.306,1.69
Banana,Summer,Local,2.0,0.204,1.28
Orange,Autumn,Imported,7.0,0.289,1.66
Orange,Autumn,Imported,6.0,0.325,2.3
Mango,Winter,Local,,0.394,3.93
Banana,Spring,Local,,0.121,1.1
Mango,Summer,Imported,2.0,0.483,2.59
Banana,Winter,Local,10.0,0.179,1.25
Mango,Winter,Imported,4.0,0.474,3.44
Orange,Winter,Imported,3.0,0.234,2.29
Orange,Autumn,Local,7.0,0.377,2.33
Apple,Spring,Local,8.0,0.255,2.38
Mango,Spring,Imported,2.0,0.28,4.02
Grapes,Summer,Local,10.0,0.095,4.04
Apple,Spring,Local,7.0,0.294,2.91
Mango,Spring,Local,8.0,0.528,3.88
Mango,Winter,Local,6.0,0.423,3.28
Apple,Winter,Imported,6.0,0.326,2.15
Orange,Autumn,Imported,10.0,0.217,2.28
Mango,Winter,Imported,1.0,,3.51
Orange,Winter,Imported,4.0,0.375,1.77
Apple,Winter,,1.0,0.326,1.44
Orange,Winter,,4.0,0.321,2.02
Banana,Autumn,Imported,2.0,0.229,0.95
Grapes,Winter,Imported,5.0,0.059,2.74
Mango,Summer,Local,10.0,0.553,4.06
Grapes,Summer,Imported,9.0,0.082,3.17
Orange,Summer,Imported,10.0,0.195,2.37
Mango,Summer,,3.0,0.334,3.22
Orange,Winter,Imported,8.0,0.254,2.01
Banana,Summer,,,0.138,1.11
Apple,Winter,Local,6.0,0.194,1.86
Mango,Autumn,Imported,4.0,0.297,3.08
Banana,Summer,Local,8.0,0.144,1.54
Banana,Spring,Imported,6.0,0.186,1.25
Mango,Summer,Local,8.0,,3.85
Orange,Summer,Imported,1.0,0.237,1.02
Banana,Winter,Imported,6.0,0.212,1.3
Grapes,Summer,Imported,1.0,0.139,3.28
Banana,Spring,Local,1.0,0.214,1.05
Orange,Winter,Local,8.0,,2.25
Orange,Winter,Imported,7.0,0.336,1.48
Grapes,Autumn,Local,3.0,0.065,2.47
Banana,Autumn,Imported,,0.12,1.55
Orange,Summer,Imported,9.0,0.236,2.98
Mango,Autumn,Local,7.0,0.533,3.01
Apple,Autumn,Imported,,0.177,2.32
Apple,,Local,6.0,0.135,1.88
Apple,Winter,Imported,4.0,,1.7
Banana,Winter,,3.0,0.229,0.97
Grapes,Winter,Imported,9.0,0.113,2.91
Orange,Autumn,Imported,10.0,0.213,2.61
Mango,Winter,Local,2.0,0.444,3.49
Mango,,Imported,1.0,0.435,2.77
Banana,Winter,Imported,2.0,0.198,0.81
Apple,Winter,Local,7.0,0.174,2.87
Banana,Spring,Imported,10.0,0.23,1.17
Grapes,Summer,Local,1.0,0.081,3.09
Grapes,Autumn,Imported,6.0,0.119,3.22
Orange,Spring,Local,7.0,0.154,1.99
Orange,Winter,Imported,9.0,0.243,1.82
Grapes,Autumn,Imported,8.0,,2.66
Grapes,Winter,Imported,6.0,0.104,2.9
Grapes,Summer,Local,3.0,0.057,2.32
Banana,Spring,Local,8.0,0.219,1.2
Grapes,Summer,Local,7.0,,3.86
Mango,Spring,Local,3.0,0.487,2.97
Apple,Winter,Imported,9.0,0.305,1.87
Grapes,Summer,Imported,2.0,0.106,3.3
Apple,Summer,Local,3.0,0.29,2.26
Banana,Winter,Local,2.0,0.199,1.34
Apple,Summer,Local,1.0,0.202,2.1
Banana,Autumn,,4.0,0.221,1.21
Mango,,Local,5.0,0.353,3.93
Banana,Spring,Local,6.0,0.186,
Banana,Spring,Imported,5.0,0.212,1.52
Orange,Autumn,Imported,1.0,0.245,1.44
Grapes,Spring,Local,3.0,0.08,2.44
Grapes,Winter,Imported,1.0,0.096,2.57
Mango,Summer,Local,5.0,0.536,3.76
Mango,Autumn,Imported,5.0,0.575,4.8
Grapes,Spring,Local,6.0,0.105,3.36
Orange,Winter,Local,8.0,0.315,1.2
Grapes,,Local,10.0,0.14,4.38
Orange,Summer,Local,1.0,0.175,1.94
Mango,Autumn,Imported,4.0,0.331,3.44
Apple,Autumn,Imported,10.0,0.283,3.16
Mango,Autumn,Imported,1.0,0.538,
Mango,Winter,Imported,9.0,0.55,5.82
Banana,Winter,Local,,,1.48
Banana,Autumn,Local,7.0,0.113,1.24
Banana,Spring,Imported,5.0,0.166,1.41
Banana,Summer,Imported,,,1.65
Orange,Summer,Imported,2.0,0.223,1.75
Grapes,Winter,Imported,,0.127,
Apple,Summer,Imported,7.0,0.137,3.07
Mango,Spring,Local,3.0,0.54,
Orange,Summer,,2.0,0.257,1.44
Apple,Winter,,10.0,0.257,3.22
Orange,Winter,Imported,2.0,0.172,2.09
Orange,Spring,Imported,1.0,0.234,1.55
Mango,Spring,Imported,5.0,0.281,3.34
Grapes,Summer,,6.0,0.146,3.27
Banana,Summer,Local,6.0,0.221,1.03
Grapes,Winter,Local,9.0,0.096,2.73
Mango,Spring,Imported,4.0,0.328,4.65
Mango,Spring,Local,1.0,0.577,2.75
Mango,,Local,6.0,0.371,3.74
Apple,Summer,Imported,5.0,0.157,2.29
Grapes,Spring,Imported,10.0,0.106,5.64
Grapes,Winter,Imported,6.0,0.144,3.37
Orange,Winter,Imported,3.0,0.151,1.16
Orange,Summer,Imported,2.0,0.21,1.14
Orange,Autumn,Imported,6.0,0.385,2.14
Mango,Summer,Local,1.0,0.31,
Grapes,Autumn,Local,7.0,0.061,3.23
Mango,Spring,Imported,7.0,0.45,
Apple,Summer,Local,10.0,0.318,1.82
Orange,Winter,Imported,7.0,0.269,2.07
Mango,Spring,Imported,,0.598,4.76
Mango,Winter,Imported,1.0,0.488,
Apple,Spring,Imported,4.0,0.137,1.77
Banana,Summer,Local,7.0,0.249,0.94
Grapes,Autumn,Imported,,,2.78
Banana,Spring,Local,5.0,0.143,1.23
Orange,Autumn,Imported,2.0,0.289,1.3
Mango,Spring,Imported,,0.357,3.65
Apple,Winter,Imported,10.0,0.14,2.23
Apple,Winter,Local,1.0,0.12,2.58
Grapes,Spring,Imported,7.0,0.095,4.82
Banana,Autumn,Imported,6.0,0.226,
Grapes,,,7.0,0.107,3.29
Mango,Summer,Local,10.0,0.6,3.48
Grapes,Winter,Local,3.0,0.079,3.04
Apple,,Local,3.0,,1.44
Apple,Winter,Imported,7.0,0.157,2.92
Orange,Summer,Local,2.0,0.191,1.62
Orange,Spring,Imported,1.0,0.221,2.27
Mango,Winter,Local,9.0,0.527,3.26
Banana,Winter,Local,9.0,0.236,1.53
Grapes,Spring,Imported,7.0,0.148,4.64
Mango,Winter,Local,7.0,0.331,2.99
Orange,Summer,Imported,3.0,0.37,1.65
Grapes,Summer,Imported,10.0,0.083,3.07
Orange,Winter,Local,2.0,0.178,1.26
Grapes,Summer,Imported,7.0,0.137,3.1
Banana,Autumn,Imported,9.0,0.195,1.47
Mango,Winter,Local,1.0,0.308,3.11
Grapes,Spring,Local,4.0,0.093,4.24
Apple,,Imported,6.0,,1.91
Apple,Winter,Local,7.0,0.289,3.14
Grapes,Spring,Imported,10.0,0.095,3.26
Grapes,Summer,Imported,7.0,0.149,4.58
Grapes,Spring,Local,10.0,0.055,3.27
Apple,Autumn,Local,2.0,0.202,1.56
Apple,Summer,Local,4.0,0.231,2.7
Grapes,Winter,Local,5.0,0.1,2.77
Orange,Summer,Imported,1.0,0.229,1.92
Orange,Winter,Imported,1.0,0.332,1.79
Banana,Winter,Local,,0.231,1.3
Mango,Spring,Local,3.0,0.579,3.52
Orange,Spring,Imported,10.0,,2.65
Apple,Spring,,3.0,0.316,1.69
Orange,Autumn,Imported,8.0,0.288,2.4
Banana,Autumn,Imported,9.0,0.224,1.76
Banana,Spring,Local,1.0,0.146,0.74
Mango,Autumn,Imported,2.0,0.389,2.85
Orange,Summer,Imported,10.0,0.229,2.62
Apple,Summer,Local,2.0,0.227,1.96
Apple,Autumn,,4.0,0.186,2.25
Grapes,Autumn,Imported,2.0,0.146,2.34
Apple,Summer,Local,7.0,0.192,2.4
Mango,Winter,Local,9.0,0.284,3.15
Mango,Summer,Local,7.0,0.434,3.91
Apple,Summer,Imported,,0.133,3.0
Apple,Autumn,Imported,10.0,0.145,2.39
Grapes,Summer,Local,,,2.82
Apple,Autumn,Local,10.0,0.227,3.44
Grapes,Autumn,Imported,9.0,0.093,
Grapes,Spring,Local,5.0,0.13,4.1
Apple,Summer,Local,5.0,0.29,2.12
Banana,Winter,Local,6.0,0.164,1.38
Banana,Spring,Imported,9.0,0.15,1.02
Grapes,Autumn,Imported,8.0,0.082,2.77
Apple,Autumn,Imported,8.0,0.298,2.16
Banana,Winter,Imported,8.0,0.108,1.3
Apple,Autumn,,,0.123,2.68
Apple,Summer,Imported,,0.303,1.95
Apple,Spring,,8.0,0.23,2.71
Orange,Autumn,Imported,5.0,0.183,2.27
Apple,,Imported,9.0,0.174,2.93
Orange,Winter,Local,2.0,0.383,1.4
Grapes,Summer,Imported,9.0,0.136,4.24
Banana,,Imported,8.0,0.206,1.25
Banana,Winter,Local,9.0,0.172,0.96
Banana,Autumn,Local,4.0,,1.45
Banana,Winter,Local,1.0,0.246,0.78
Banana,Winter,Imported,1.0,0.245,0.82
Banana,Summer,,5.0,0.132,1.41
Banana,Autumn,Imported,2.0,0.222,1.01
Grapes,Summer,Imported,,,4.35
Apple,Winter,Imported,10.0,0.169,2.52
Mango,Spring,,5.0,0.487,3.83
Orange,Autumn,Local,5.0,0.251,1.39
Mango,Spring,Local,2.0,0.576,3.06
Mango,Autumn,Imported,7.0,0.281,4.11
Apple,Summer,Local,8.0,0.238,
Apple,Summer,Imported,10.0,0.331,2.87
Apple,Summer,Imported,1.0,0.328,2.82
Banana,Summer,,2.0,0.123,0.83
Grapes,Summer,Local,10.0,0.087,3.75
Banana,Spring,Imported,4.0,0.193,1.29
Grapes,Summer,Imported,5.0,0.066,4.73
Grapes,Winter,Local,2.0,0.147,1.93
Mango,Winter,Local,1.0,0.57,3.46
Mango,Spring,Local,9.0,0.308,5.19
Grapes,Autumn,Local,1.0,0.062,2.29
Grapes,Winter,Imported,4.0,0.059,4.47
Banana,Autumn,Local,2.0,0.236,0.74
Banana,Spring,Imported,4.0,0.129,1.4
Mango,Autumn,Local,8.0,0.396,5.27
Apple,Autumn,Local,,0.223,
Grapes,Autumn,,9.0,0.11,3.47
Banana,Autumn,Local,5.0,,0.83
Mango,Spring,Local,7.0,0.329,5.09
Banana,Winter,Local,3.0,0.24,1.06
Grapes,Summer,Imported,10.0,0.141,2.62
Grapes,Autumn,Local,4.0,0.128,3.61
Orange,Winter,,10.0,0.155,1.98
Apple,Winter,Local,9.0,0.195,1.89
Orange,Spring,Local,10.0,0.307,1.52
Mango,Winter,Imported,10.0,0.346,3.37
Banana,Spring,Local,1.0,0.236,
Mango,Autumn,Local,2.0,0.472,3.69
Grapes,Autumn,Local,5.0,0.057,3.26
Orange,Summer,Local,3.0,0.377,2.09
Orange,Summer,Imported,2.0,0.389,2.29
Orange,,Local,1.0,0.169,1.69
Mango,Winter,Imported,10.0,0.436,3.2
Grapes,Autumn,Local,3.0,0.08,3.51
Banana,Spring,Imported,1.0,,
Banana,Summer,Imported,1.0,0.127,1.16
Mango,Spring,Local,1.0,0.452,3.63
Orange,Spring,,8.0,0.389,1.66
Apple,Summer,Imported,3.0,,2.97
Mango,Autumn,Imported,1.0,0.279,2.74
Mango,Summer,Local,,0.467,4.43
Grapes,Spring,Imported,10.0,0.084,2.54
Banana,,Imported,3.0,0.228,1.5
Mango,Spring,Imported,8.0,0.402,3.33
Mango,Spring,Local,4.0,0.317,
Orange,,Imported,4.0,0.198,1.6
Orange,Winter,Imported,5.0,0.342,1.72
Apple,Summer,Imported,6.0,0.181,2.06
Grapes,Winter,Local,7.0,0.127,3.67
Apple,Spring,Local,4.0,,2.1
Orange,Spring,Imported,8.0,0.23,1.26
Banana,Winter,Local,6.0,0.17,1.05
Orange,Spring,Imported,,0.386,2.14
Grapes,Winter,Local,1.0,0.143,3.28
Orange,Winter,Local,9.0,,2.34
Grapes,Spring,Imported,10.0,0.086,4.74
Grapes,Autumn,Local,6.0,0.065,2.86
Grapes,Winter,,10.0,,2.59
Grapes,Summer,Local,8.0,0.096,2.92
Grapes,Summer,Imported,7.0,0.14,4.76
Banana,Spring,Local,6.0,0.24,1.53
Apple,Autumn,Local,4.0,0.208,2.17
Mango,Spring,Imported,7.0,0.422,2.94
Apple,Autumn,Local,9.0,0.326,1.92
Grapes,,Local,10.0,,3.23
Banana,Winter,Local,10.0,0.101,1.39
Orange,Winter,Local,,0.23,1.18
Banana,Winter,Local,1.0,0.163,1.29
Grapes,Summer,Imported,10.0,0.073,
Banana,Summer,Imported,,0.13,1.77
Banana,Spring,Local,4.0,0.106,1.31
Grapes,Autumn,Local,3.0,0.114,3.66
Banana,Winter,,4.0,0.139,1.19
Mango,Winter,Imported,4.0,0.268,4.34
Mango,,,10.0,0.331,5.18
Banana,Autumn,Local,2.0,0.22,1.13
Orange,Spring,Local,1.0,0.363,1.61
Grapes,Autumn,Imported,10.0,0.098,5.65
Mango,Winter,Local,1.0,,3.81
Orange,Winter,,8.0,0.394,2.6
Banana,Winter,Imported,2.0,0.13,1.41
Orange,Winter,Local,10.0,0.204,1.52
Apple,Winter,Imported,5.0,0.187,1.79
Mango,Spring,Local,4.0,,3.6
Banana,Winter,Local,8.0,0.157,1.26
Grapes,Spring,Local,,0.141,3.71
Banana,Winter,Local,10.0,0.192,1.28
Grapes,Summer,Local,9.0,0.091,
Banana,Summer,Local,7.0,0.24,1.24
Orange,Summer,Imported,7.0,0.162,1.23
Orange,Summer,Imported,1.0,0.203,1.86
Orange,Spring,Imported,2.0,,2.24
Apple,Spring,Imported,4.0,0.262,
Grapes,Autumn,,4.0,0.054,3.38
Orange,Winter,Imported,3.0,0.251,1.95
Apple,Summer,Imported,7.0,0.269,2.04
Grapes,Spring,Imported,8.0,0.12,2.77
Banana,Winter,Local,2.0,0.196,1.35
Apple,Winter,,4.0,0.194,2.23
Mango,Spring,Local,3.0,0.283,2.88
Apple,Summer,Imported,2.0,0.218,1.76
Apple,Autumn,Local,6.0,0.15,2.58
Grapes,Winter,Local,4.0,0.145,
Banana,Autumn,Imported,6.0,0.171,1.42
Mango,Summer,Local,,0.361,2.48
Orange,Summer,Local,4.0,0.342,2.27
Orange,Autumn,,6.0,,1.79
Apple,Summer,Imported,5.0,,2.17
Grapes,Winter,Imported,3.0,0.131,3.26
Grapes,Autumn,Local,,0.137,3.24
Orange,Summer,Local,7.0,0.318,
Mango,Autumn,Local,3.0,0.266,4.53
Banana,,Imported,6.0,0.185,1.15
Mango,Summer,Local,4.0,0.517,4.52
Banana,Winter,Local,5.0,,1.35
Orange,Summer,Local,5.0,0.207,2.4
Banana,Spring,Local,,0.232,1.03
Grapes,Summer,Local,5.0,0.052,3.44
Apple,Autumn,Local,3.0,0.293,1.8
Apple,Summer,Local,10.0,0.229,3.15
Orange,Winter,Imported,5.0,0.262,1.11
Grapes,Winter,Imported,7.0,,3.98
Mango,Summer,Imported,5.0,0.537,3.68
Grapes,Autumn,Local,5.0,0.086,2.81
Apple,Spring,Local,9.0,0.244,2.76
Apple,Autumn,Imported,3.0,0.276,2.87
Grapes,Spring,Local,6.0,0.12,3.63
Grapes,Winter,Imported,,0.146,4.0
Apple,Autumn,Local,,0.242,2.18
Mango,Spring,Local,5.0,0.39,3.8
Orange,Summer,Imported,8.0,0.388,
Orange,Winter,Imported,,0.311,1.12
Grapes,Summer,Imported,9.0,0.08,4.18
Orange,Winter,Imported,6.0,0.182,2.26
Apple,Autumn,Imported,8.0,0.314,2.86
Apple,Autumn,Local,10.0,0.203,3.0
Grapes,Winter,Local,8.0,0.116,3.74
Grapes,Winter,Local,3.0,0.097,2.04
Grapes,Winter,Imported,7.0,0.07,2.67
Mango,Autumn,Imported,7.0,0.461,4.65
Orange,,Imported,10.0,0.165,1.79
Grapes,Summer,Imported,6.0,0.091,2.49
Banana,Summer,Imported,7.0,0.182,1.28
Banana,Autumn,Imported,,0.165,
Apple,Summer,Local,,0.292,2.23
Orange,Winter,Local,10.0,0.357,2.39
Grapes,Spring,Local,10.0,0.127,4.15
Banana,Summer,Local,1.0,0.106,0.91
Orange,Spring,Local,1.0,0.199,1.88
Apple,Winter,Imported,3.0,0.243,2.56
Mango,Summer,,3.0,0.577,4.23
Orange,Autumn,Imported,1.0,0.359,1.77
Orange,Spring,Imported,7.0,0.361,1.19
Mango,Winter,Imported,4.0,0.356,4.53
Orange,Spring,Imported,,,1.98
Apple,Summer,Local,2.0,,
Apple,Summer,Imported,,0.156,3.45
Mango,Autumn,Imported,5.0,0.261,4.37
Grapes,Winter,Imported,6.0,0.145,2.98
Banana,Winter,Imported,,0.136,
Grapes,Autumn,Local,4.0,0.074,2.77
Orange,Autumn,Local,2.0,0.171,1.56
Banana,Winter,Imported,5.0,0.239,1.11
Mango,,Local,3.0,0.453,3.56
Mango,Spring,Local,2.0,0.483,2.65
Banana,Autumn,Imported,1.0,0.237,1.44
Apple,Spring,Imported,,0.199,2.1
Banana,Winter,Imported,2.0,0.193,1.45
Orange,Summer,Imported,,0.16,2.69
Apple,Summer,Imported,8.0,0.163,2.74
Mango,Spring,Local,3.0,0.541,4.05
Banana,Autumn,Imported,,0.215,1.36
Grapes,Autumn,Imported,9.0,,4.4
Grapes,Autumn,Imported,2.0,0.088,2.85
Orange,Autumn,Local,8.0,0.283,1.58
Grapes,Autumn,Imported,10.0,0.05,4.36
Banana,Spring,Imported,5.0,0.136,1.26
Banana,Summer,Imported,4.0,0.131,1.29
Grapes,Summer,Local,10.0,0.075,
Banana,Spring,Imported,5.0,0.221,1.16
Orange,Autumn,Imported,4.0,0.22,
Apple,Spring,Imported,8.0,0.164,1.89
Orange,Summer,Local,4.0,0.276,1.34
Orange,Winter,Imported,10.0,0.366,1.41
Banana,Spring,Imported,6.0,0.136,0.99
Apple,Autumn,Imported,2.0,0.138,2.72
Banana,Summer,Local,5.0,0.153,0.83
Mango,Summer,Imported,6.0,0.512,4.7
Banana,Summer,,5.0,0.183,1.09
Banana,Summer,Imported,2.0,,1.41
Banana,Autumn,Local,7.0,0.244,1.21
Apple,Winter,Local,4.0,0.302,1.9
Banana,Summer,Imported,,0.191,1.39
Apple,Spring,Local,,0.233,
Grapes,Winter,Local,7.0,0.054,3.62
Mango,Summer,Local,9.0,0.595,3.12
Apple,Winter,Imported,1.0,0.208,2.9
Grapes,Spring,Imported,10.0,,3.88
Apple,,Local,6.0,0.273,2.08
Apple,Spring,Local,6.0,,2.64
Mango,Autumn,Local,6.0,0.455,3.51
Orange,Summer,Imported,,0.297,2.55
Orange,Summer,Imported,10.0,0.261,2.13
Apple,Summer,Local,7.0,0.312,
Banana,Summer,Local,10.0,0.14,1.01
Grapes,Autumn,Local,6.0,0.095,4.24
Banana,Summer,Local,1.0,0.181,1.16
Banana,,Imported,3.0,0.2,0.98
Apple,Summer,Local,2.0,0.3,1.56
Apple,Autumn,Imported,6.0,0.211,2.24
Apple,Summer,Local,8.0,0.269,3.23
Apple,Winter,Local,3.0,0.155,1.77
Orange,Autumn,Local,10.0,0.383,1.94
Apple,Autumn,Local,8.0,0.208,1.68
Orange,Winter,Local,8.0,,1.74
Orange,Winter,Imported,5.0,0.155,
Apple,Winter,Local,8.0,0.167,3.19
Mango,Winter,Local,6.0,0.42,3.91
Grapes,Winter,,5.0,,4.05
Banana,Autumn,Imported,9.0,0.179,1.46
Orange,Autumn,Imported,7.0,0.382,1.24
Grapes,Summer,Imported,,0.098,3.34
Mango,Summer,Imported,1.0,0.422,3.81
Banana,Spring,Local,2.0,0.118,1.33
Banana,Summer,Local,,0.22,1.53
Orange,Summer,Local,9.0,0.212,1.5
Apple,,Imported,4.0,0.327,1.95
Mango,Winter,Local,10.0,0.569,3.45
Orange,Summer,,10.0,0.386,
Mango,Spring,Imported,9.0,0.432,5.71
Apple,Winter,Imported,4.0,0.276,2.84
Apple,Summer,Imported,10.0,0.299,2.64
Orange,,Local,10.0,,2.02
Apple,Autumn,Local,10.0,0.258,2.53
Grapes,Spring,Imported,9.0,,3.24
Banana,Autumn,Local,7.0,0.175,1.22
Orange,Spring,Imported,2.0,0.189,1.05
Mango,Winter,Imported,9.0,0.314,3.49
Grapes,Spring,Local,4.0,0.087,4.09
Orange,,Imported,8.0,0.258,2.55
Apple,Summer,Imported,7.0,0.263,2.49
Apple,Spring,Imported,7.0,,2.65
Apple,,Local,8.0,0.236,2.24
Apple,Spring,Imported,1.0,0.162,2.53
Mango,Autumn,Imported,5.0,0.451,4.91
Grapes,Spring,Imported,2.0,0.114,3.91
Banana,Winter,Imported,2.0,0.184,1.31
Mango,Autumn,Imported,1.0,0.508,2.91
Mango,Autumn,Imported,5.0,0.367,3.68
Banana,Spring,Imported,2.0,0.215,1.13
Banana,Winter,Local,4.0,0.165,1.0
Apple,Autumn,Local,3.0,0.231,2.47
Mango,Summer,Imported,,0.477,3.44
Orange,Autumn,Local,2.0,0.155,1.1
Banana,Spring,Local,6.0,0.198,
Banana,Winter,Imported,2.0,0.193,1.49
Grapes,Spring,Local,8.0,0.081,2.8
Orange,Summer,Imported,8.0,0.171,2.3
Orange,Summer,Imported,5.0,0.173,1.81
Banana,Summer,Imported,10.0,0.238,1.07
Apple,Spring,Imported,7.0,,2.6
Grapes,Autumn,Imported,4.0,0.063,4.01
Orange,Spring,Local,1.0,0.239,1.56
Banana,Winter,Imported,2.0,0.189,1.41
Orange,Autumn,,,0.359,1.65
Grapes,,Imported,10.0,0.054,2.8
Grapes,Spring,Imported,4.0,0.074,4.63
Mango,Summer,Imported,1.0,0.561,3.34
Banana,Summer,Local,8.0,0.101,1.31
Grapes,Winter,Imported,9.0,0.07,4.9
Mango,Autumn,Imported,4.0,0.586,3.53
Mango,Winter,Imported,10.0,0.465,
Orange,Winter,Imported,3.0,0.215,1.24
Orange,Winter,Local,2.0,0.167,1.31
Mango,Summer,Imported,5.0,0.26,3.15
Orange,Winter,Local,3.0,0.211,2.08
Grapes,Winter,Imported,10.0,0.138,3.23
Apple,Autumn,Local,7.0,0.216,2.73
Grapes,Autumn,Local,6.0,0.122,4.49
Mango,,Imported,,0.571,3.7
Mango,Autumn,Imported,8.0,,4.62
Grapes,Autumn,Local,2.0,0.069,2.87
Orange,Winter,Imported,5.0,0.279,1.64
Orange,Summer,Imported,9.0,0.377,2.11
Mango,Winter,Imported,8.0,0.532,4.8
Banana,Autumn,Local,2.0,0.11,
Orange,Summer,Imported,9.0,0.323,2.96
Grapes,,Imported,5.0,0.107,4.57
Orange,Summer,Imported,,0.377,2.95
Grapes,Autumn,Local,,0.062,3.26
Mango,Summer,Imported,3.0,0.437,4.28
Orange,Winter,Local,3.0,0.37,2.2
Grapes,Spring,Imported,,,3.77
Mango,Spring,Local,8.0,0.419,5.35
Banana,Spring,Imported,10.0,0.111,1.38
Grapes,Autumn,Imported,10.0,0.078,4.43
Banana,Autumn,Local,2.0,0.149,1.18
Banana,Spring,Local,2.0,0.242,1.33
Apple,Summer,Local,5.0,0.185,1.87
Orange,,Imported,6.0,0.265,2.4
Grapes,Summer,Imported,2.0,0.117,3.31
Banana,Summer,Imported,5.0,0.124,
Apple,,Imported,7.0,0.232,3.11
Mango,Summer,Local,10.0,0.508,4.46
Grapes,Spring,Imported,,0.137,4.62
Banana,Autumn,Imported,8.0,0.194,1.23
Orange,Winter,Imported,,0.317,2.01
Apple,Winter,Imported,8.0,0.149,2.91
Banana,Autumn,Imported,9.0,0.242,1.33
Orange,Spring,Imported,5.0,0.183,1.43
Banana,Winter,Imported,,0.216,1.62
Grapes,Winter,Local,10.0,0.076,3.77
Grapes,Summer,Imported,4.0,,4.09
Grapes,Summer,Imported,9.0,0.122,3.73
Apple,Spring,Imported,5.0,0.293,2.24
Grapes,Autumn,Imported,2.0,0.072,3.02
Orange,Spring,Local,10.0,0.261,1.86
Banana,Autumn,Local,8.0,0.193,1.29
Mango,Winter,Local,,,4.09
Orange,Summer,Local,,0.176,1.9
Orange,Spring,Local,3.0,0.391,1.13
Grapes,Spring,Local,4.0,0.139,3.14
Apple,Autumn,Imported,,0.182,1.93
Banana,Autumn,Local,6.0,0.223,0.91
Apple,Spring,Local,1.0,0.239,2.55
Banana,Autumn,Imported,4.0,0.169,1.31
Banana,Spring,Local,10.0,0.147,1.45
Apple,Spring,Imported,5.0,0.254,2.31
Orange,Spring,Imported,7.0,0.332,2.76
Banana,Winter,Local,5.0,0.162,1.25
Apple,Autumn,Imported,1.0,0.265,
Banana,Summer,Local,7.0,0.205,1.12
Mango,,Local,,0.499,5.34
Orange,Autumn,Imported,7.0,0.163,2.6
Grapes,Spring,Imported,4.0,,4.41
Banana,Summer,Local,8.0,0.169,1.0
Mango,Summer,Imported,5.0,0.342,3.5
Grapes,Autumn,,10.0,0.074,3.43
Grapes,Summer,Local,9.0,0.098,3.0
Banana,Spring,,10.0,0.233,1.61
Apple,Autumn,Imported,5.0,0.207,1.7
Banana,Spring,Local,1.0,0.212,
Mango,Summer,Local,9.0,0.284,3.57
Grapes,Summer,Local,5.0,0.098,2.5
Banana,Spring,Local,6.0,0.249,0.99
Apple,Winter,Local,4.0,0.297,2.62
Banana,Summer,Local,6.0,0.132,1.23
Orange,Winter,Local,8.0,,1.1
Apple,Summer,Imported,,0.174,2.22
Mango,Winter,Local,5.0,0.393,3.52
Grapes,,Imported,2.0,0.128,2.29
Banana,Winter,Imported,2.0,0.216,1.27
Apple,Spring,Imported,7.0,0.172,2.98
Orange,Winter,,10.0,0.381,2.39
Apple,Winter,Local,10.0,0.256,2.98
Orange,Winter,Imported,10.0,0.245,1.27
Mango,Summer,Local,6.0,0.426,5.03
